episode,return,shaped_return,loss
0,-117.822,3172.178,1372548.375
1,-436.25,3473.75,1847784.125
2,-885.57,4024.43,2645699.5
3,-611.049,3993.951,2198323.25
4,-748.757,3516.243,2184446.0
5,-469.183,3140.817,1626800.5
6,-59.24,3500.76,1643054.5
7,78.138,2573.138,844313.1875
8,-330.33,3829.67,1995598.75
9,-593.901,3861.099,2248337.0
10,-377.517,3562.483,1920077.5
11,-33.499,3081.501,1197550.5
12,-121.846,3618.154,1606145.625
13,-198.614,4291.386,2228865.0
14,-26.697,3453.303,1423091.625
15,-640.976,4789.024,2843615.75
16,-451.551,3543.449,1709713.625
17,-157.658,2572.342,869365.625
18,-277.83,3022.17,1430734.125
19,-351.946,2648.054,1207663.0
20,-302.442,3977.558,1815257.25
21,-733.078,4611.922,2998248.5
22,-186.772,3023.228,1408049.375
23,-288.377,2961.623,1303691.875
24,-551.88,3338.12,1844670.875
25,-338.763,3036.237,1435879.5
26,-243.392,2201.608,894991.1875
27,127.592,3167.592,1067719.625
28,-141.828,3643.172,1599290.125
29,-79.691,2395.309,930732.4375
30,-182.512,2542.488,821288.1875
31,-35.94,2829.06,1065763.875
32,-193.234,2406.766,836961.625
33,-87.022,4242.978,1762082.5
34,-163.715,3786.285,1682855.125
35,-604.158,3485.842,1879546.75
36,-130.973,1944.027,616890.0
37,24.929,3379.929,1375516.25
38,-257.553,2902.447,1412874.625
39,165.877,3125.877,1131736.625
40,-271.627,3143.373,1367317.75
41,-155.973,2544.027,879105.9375
42,75.641,3305.641,1134047.75
43,-305.384,2739.616,1161710.0
44,11.102,3201.102,1147212.125
45,19.073,4349.073,1728812.0
46,-229.422,3365.578,1412765.75
47,-128.289,1881.711,520527.0625
48,-173.315,2811.685,1136157.25
49,-298.577,2826.423,1120632.0
50,-91.541,4503.459,2173736.0
51,-58.567,2631.433,887857.5
52,-154.569,2125.431,770432.625
53,-410.359,3439.641,1772992.625
54,46.983,3051.983,1060619.25
55,-124.312,1960.688,543450.25
56,-121.418,2003.582,725957.25
57,-251.957,2528.043,953907.3125
58,-610.723,3324.277,2100886.25
59,-232.62,2197.38,737976.8125
60,-129.512,2825.488,1170544.875
61,-385.162,2454.838,984052.625
62,-389.459,2440.541,1066058.125
63,-241.303,3543.697,1787380.625
64,-123.559,2171.441,743559.5625
65,-93.102,1691.898,557120.0625
66,-63.904,2051.096,729340.375
67,-289.487,2395.513,791295.0
68,-232.854,2407.146,948822.4375
69,-116.5,3213.5,1358917.0
70,-280.365,2454.635,998283.8125
71,-9.384,2125.616,752999.75
72,-50.944,2964.056,1126784.375
73,-796.306,4653.694,3255340.5
74,-505.95,4204.05,2347896.0
75,-590.12,3559.88,1900078.125
76,-295.124,4309.876,2317887.5
77,-229.256,3185.744,1508058.375
78,-353.616,4261.384,2262551.0
79,-144.556,3065.444,1295943.5
80,-261.256,2753.744,1091485.0
81,-293.065,2946.935,1249238.5
82,-161.548,2808.452,1206022.875
83,-204.507,2305.493,938579.4375
84,-322.861,2482.139,1130392.5
85,-206.411,2513.589,913797.875
86,-31.669,2453.331,720922.5
87,-477.987,3827.013,2104819.5
88,-283.795,2796.205,1214692.375
89,-156.851,2858.149,1030476.0625
90,-232.261,2932.739,1392786.125
91,-298.859,3846.141,2021088.625
92,-307.575,2452.425,973427.1875
93,-72.388,2767.612,1030485.9375
94,-72.967,2902.033,1158266.0
95,-585.156,3249.844,1840436.0
96,-134.536,2810.464,1036656.375
97,-1211.139,5948.861,5487925.0
98,-253.794,3051.206,1406811.625
99,-476.455,3828.545,1981639.625
100,-9.778,2900.222,1064740.75
101,-235.19,1734.81,500565.4375
102,-9.871,3425.129,1443547.125
103,-376.795,2933.205,1430267.75
104,-125.717,2589.283,984288.625
105,-237.068,2917.932,1237794.25
106,-111.342,3398.658,1551437.625
107,-38.267,3171.733,1289702.875
108,-531.472,3048.528,1600200.5
109,-243.991,3396.009,1562722.25
110,-163.591,3186.409,1324899.375
111,-425.961,3924.039,2199073.25
112,-342.878,2602.122,1044563.0625
113,106.318,3391.318,1295580.25
114,-155.986,2544.014,842721.3125
115,-211.539,2393.461,831102.375
116,-143.72,3066.28,1268972.625
117,-87.17,3007.83,1256347.125
118,-169.422,3980.578,1936951.5
119,-189.665,1960.335,737102.9375
120,-351.653,3633.347,1827033.875
121,-260.928,2469.072,956391.5625
122,-340.676,2259.324,958232.875
123,-496.725,3383.275,1743779.625
124,-410.103,4144.897,2340832.75
125,-603.555,3696.445,2055762.5
126,-363.978,3321.022,1773747.5
127,-241.791,2663.209,1125789.875
128,-189.221,2630.779,1045358.4375
129,13.248,2258.248,741671.4375
130,-237.459,2602.541,996158.8125
131,-74.723,3815.277,1734123.75
132,-191.387,2168.613,821486.6875
133,-127.967,2512.033,955960.375
134,-38.995,3276.005,1278547.75
135,-103.606,3666.394,1511276.75
136,-129.941,3560.059,1612029.125
137,-132.587,2392.413,903887.9375
138,-128.545,2721.455,1127843.0
139,-65.32,2154.68,609863.5625
140,-384.881,4385.119,2464652.5
141,-75.959,3634.041,1638957.25
142,-25.428,2154.572,655799.0
143,-513.827,4251.173,2394400.75
144,-519.948,3920.052,2080664.25
145,-627.738,3562.262,2079396.875
146,-138.772,1886.228,594502.375
147,-81.111,3023.889,1093467.0
148,-42.798,2812.202,979859.4375
149,-78.832,2436.168,820949.625
150,-45.595,3334.405,1355474.125
151,-490.622,2874.378,1426673.875
152,-411.379,3683.621,2115343.75
153,-550.712,4294.288,2709632.75
154,-106.977,1763.023,531954.25
155,-327.308,3277.692,1583899.5
156,-78.206,3696.794,1524072.125
157,-488.482,3441.518,1983391.5
158,-198.115,2466.885,978526.3125
159,-236.506,3033.494,1255235.5
160,-174.96,3125.04,1431781.375
161,-198.955,2676.045,998459.375
162,-258.156,4831.844,2521895.75
163,-211.709,2183.291,770565.5625
164,-425.949,3399.051,1772274.5
165,-287.917,2962.083,1278933.875
166,114.373,3409.373,1377916.125
167,-269.364,2945.636,1260214.75
168,103.027,2603.027,961636.3125
169,-178.108,3396.892,1436419.25
170,-158.92,2571.08,960842.1875
171,-923.789,5116.211,3554798.25
172,-51.872,3108.128,1395134.875
173,-94.042,2005.958,671112.875
174,-389.23,3530.77,1869074.125
175,65.179,2750.179,1015179.875
176,-172.078,3692.922,1749540.0
177,-132.596,3202.404,1394050.375
178,-168.362,2051.638,736123.8125
179,-485.929,3309.071,1760343.875
180,-257.872,2482.128,877986.625
181,-236.541,2048.459,669848.1875
182,-156.433,5353.567,2958048.75
183,-303.401,3516.599,1771672.625
184,-116.098,2228.902,698104.0625
185,-1.755,2813.245,1063702.5
186,-232.492,3427.508,1663681.375
187,-114.745,2375.255,803002.5625
188,-390.627,2964.373,1496031.625
189,-235.386,2574.614,1092052.25
190,-722.25,3797.75,2035537.25
191,-251.959,2603.041,1012003.0
192,-573.43,4161.57,2209039.25
193,-135.569,3124.431,1343118.25
194,-36.398,2543.602,973112.0625
195,-271.893,2618.107,1137414.0
196,35.485,2810.485,952433.0
197,-391.566,3423.434,1780504.25
198,-18.44,1856.56,576554.4375
199,-489.147,3020.853,1396046.5
200,-289.913,2710.087,1143145.625
201,-71.078,2243.922,728365.8125
202,-244.147,2620.853,1088145.375
203,-354.166,2395.834,1039576.5625
204,-86.843,2168.157,748635.25
205,-272.426,3037.574,1252005.625
206,-524.78,3935.22,2295654.25
207,-505.687,3919.313,2290820.5
208,-540.232,3619.768,2168886.75
209,-406.202,3348.798,1542274.625
210,-167.003,2722.997,1222301.625
211,-761.13,4713.87,3119894.75
212,-545.469,4834.531,3059498.75
213,-60.917,2829.083,957013.25
214,-752.718,4102.282,2685268.25
215,-267.396,3962.604,1842548.75
216,-607.023,4847.977,3054068.25
217,-487.413,3652.587,2055602.25
218,-504.691,2590.309,1318963.5
219,-190.79,2799.21,1178371.125
220,-662.646,3187.354,1880371.125
221,-213.976,2141.024,683997.9375
222,-427.18,2902.82,1205639.375
223,-136.874,2453.126,987336.0625
224,-279.301,1930.699,631639.6875
225,-837.911,4472.089,2776990.75
226,-151.403,2273.597,798687.875
227,-491.344,2663.656,1238298.125
228,-243.177,2661.823,1127017.5
229,-302.584,4187.416,2234843.75
230,-540.264,4039.736,2345579.5
231,-412.62,3437.38,1820161.875
232,-544.878,4100.122,2344175.25
233,-205.832,2409.168,958736.0625
234,-167.132,2932.868,1257151.75
235,-281.329,2348.671,879891.875
236,-595.304,2664.696,1367968.25
237,-292.042,2527.958,925428.25
238,-455.546,3529.454,1783939.875
239,-89.469,3245.531,1348461.75
240,-327.854,2887.146,1089516.375
241,-475.518,3619.482,2089856.125
242,-246.004,2373.996,935819.625
243,-93.032,3241.968,1281763.25
244,-190.77,1959.23,495693.9062
245,-358.38,5096.62,3082414.0
246,-95.883,2739.117,991079.5
247,-1114.755,5240.245,4495905.0
248,-324.099,2230.901,932314.0
249,-298.878,3741.122,1777412.125
250,25.91,2645.91,864199.75
251,-49.475,2720.525,941529.0625
252,-273.839,2261.161,945157.3125
253,-428.328,3466.672,1729934.375
254,-427.104,3847.896,2285065.0
255,-315.496,3694.504,1713781.875
256,-145.105,2079.895,640364.4375
257,-345.992,3189.008,1383535.75
258,-22.533,2092.467,692664.875
259,-61.432,2723.568,1089690.375
260,-129.208,1840.792,567506.9375
261,-197.971,3727.029,1905435.625
262,-777.031,3442.969,2308540.5
263,-105.815,2499.185,771938.1875
264,-63.599,3706.401,1619566.5
265,1.822,2721.822,855785.25
266,-231.397,3323.603,1513857.375
267,-265.683,2739.317,1156201.625
268,-322.303,4342.697,2520256.25
269,-609.924,3890.076,2080709.25
270,-652.891,3562.109,2025638.25
271,78.215,2888.215,991654.6875
272,-222.663,4302.337,2381513.25
273,-455.508,4304.492,2334689.25
274,-286.95,3883.05,1871865.75
275,-99.768,1780.232,494594.5938
276,-88.895,2301.105,823849.25
277,-422.57,2812.43,1321713.625
278,-347.293,3187.707,1603847.375
279,-286.604,2858.396,1407247.125
280,-189.418,2945.582,1346940.625
281,-601.281,3068.719,1723341.0
282,-433.996,3411.004,1861017.5
283,-757.915,4087.085,2575584.5
284,-150.708,2904.292,1272011.625
285,-560.853,3774.147,2403524.75
286,-195.006,1944.994,688585.625
287,-15.748,3304.252,1424639.375
288,-126.156,1778.844,553068.375
289,-307.466,2767.534,1222091.25
290,-113.004,3921.996,1945191.375
291,-547.226,3987.774,2224839.75
292,-538.775,3486.225,1639630.25
293,-242.828,4277.172,2252739.0
294,-174.422,2705.578,1018918.6875
295,-580.886,4984.114,3295417.75
296,-1149.888,5725.112,4891777.5
297,-59.342,1465.658,359007.1562
298,-333.4,3051.6,1357971.25
299,-374.037,3785.963,1785065.5
300,-264.469,4215.531,2093326.0
301,-245.285,3424.715,1639087.875
302,-417.505,3737.495,1787067.125
303,-360.18,3854.82,2009674.125
304,-83.894,3051.106,1161710.5
305,-620.618,5734.382,3781008.0
306,-438.233,4561.767,2426199.25
307,102.988,2707.988,858850.5625
308,-768.246,5491.754,3673633.0
309,-18.935,3366.065,1465186.5
310,-153.685,3216.315,1257929.625
311,-1084.546,5690.454,4306851.5
312,-534.59,2440.41,1239183.375
313,-970.045,6224.955,4362665.0
314,-447.901,3937.099,2421859.5
315,-924.138,5450.862,3915045.75
316,-241.516,2348.484,960966.5
317,-298.97,3811.03,1875450.0
318,-736.127,5058.873,3328998.0
319,-479.869,4130.131,2378749.5
320,-626.769,5143.231,3088968.0
321,-248.521,3066.479,1504186.125
322,-448.323,3726.677,1967479.875
323,-771.524,4683.476,3067611.0
324,-335.376,2694.624,1047194.1875
325,-600.994,3844.006,2099601.5
326,-258.261,4726.739,2190387.5
327,-146.193,3798.807,1788861.125
328,-818.19,5391.81,3712514.25
329,-475.695,4039.305,2430509.25
330,-778.252,5706.748,4075793.0
331,-532.11,3007.89,1591063.875
332,-702.959,5977.041,4333839.5
333,-33.227,2346.773,714003.875
334,-431.835,3173.165,1576526.875
335,-414.899,2830.101,1247151.75
336,-909.691,4910.309,3494161.75
337,-693.799,5511.201,3607610.5
338,-617.55,4112.45,2377724.5
339,-129.41,3350.59,1467697.0
340,-161.445,2318.555,888459.3125
341,-264.553,4920.447,2363698.0
342,-963.976,5316.024,4125167.5
343,-126.538,2903.462,1172019.875
344,-610.29,6159.71,3907675.25
345,-350.389,3144.611,1380534.375
346,-498.396,3486.604,1752849.625
347,-674.057,5565.943,3714783.5
348,-467.894,3427.106,1882688.5
349,-727.549,4417.451,2876898.75
350,-640.625,3594.375,2177698.0
351,-951.002,3783.998,2361518.5
352,-411.247,4143.753,2280270.75
353,-455.657,4304.343,2480873.25
354,-593.825,4386.175,2772760.75
355,-856.544,5423.456,4025702.5
356,-1118.673,4636.327,3768938.0
357,15.731,4305.731,1961172.875
358,-472.774,5027.226,3257081.75
359,-916.092,6108.908,4245473.5
360,-535.897,4054.103,2443180.5
361,-77.428,2647.572,999991.3125
362,-349.533,2125.467,786088.0625
363,-257.54,2797.46,1158938.25
364,-366.952,3203.048,1657322.125
365,-305.663,3584.337,1718430.125
366,-873.844,3991.156,2568718.0
367,-582.555,4487.445,2474100.5
368,-301.978,4398.022,2343840.25
369,-169.172,2825.828,1147275.375
370,-1074.024,5965.976,5003025.0
371,-835.434,5554.566,3913792.0
372,-536.663,5898.337,3529908.5
373,-243.399,4066.601,1875119.75
374,-996.874,4923.126,3805286.75
375,-886.593,3888.407,2509221.25
376,-769.095,4960.905,3557843.5
377,-305.713,3334.287,1558837.5
378,-711.57,6083.43,4489727.5
379,-1056.242,5733.758,4159476.0
380,-889.994,5900.006,4523759.0
381,-812.914,4502.086,3096774.25
382,-245.21,2544.79,1127610.5
383,-5.08,4004.92,1802749.875
384,-325.403,3454.597,1735134.25
385,-367.935,3977.065,2149253.0
386,-1376.814,5103.186,4267908.5
387,-319.868,6080.132,3288111.25
388,-871.483,5808.517,3617254.75
389,-283.665,2166.335,685488.25
390,-351.187,3918.813,1845949.0
391,-987.986,5727.014,4185085.25
392,-627.895,5832.105,3131150.75
393,-703.066,5871.934,4169284.75
394,-511.148,4438.852,2267948.25
395,-988.469,5181.531,3585159.5
396,-1166.007,5648.993,4499857.0
397,-962.832,5287.168,3943867.5
398,-81.666,2528.334,836642.9375
399,-1141.783,5343.217,3625204.0
400,-280.885,6344.115,3787185.75
401,-726.967,5128.033,3458349.25
402,-1342.397,5947.603,4937955.5
403,-262.569,3347.431,1539615.5
404,-519.78,5105.22,3026433.5
405,-971.505,5973.495,4323724.0
406,-847.192,5427.808,4011704.0
407,-1057.362,4517.638,3024447.0
408,-436.75,3408.25,1535906.5
409,-457.439,4547.561,2427992.0
410,-424.036,5160.964,2906978.0
411,-616.398,5718.602,4076862.75
412,-957.381,6277.619,5029795.0
413,-1143.947,5266.053,4352452.5
414,-750.638,4039.362,2591447.5
415,-737.149,5382.851,3670399.0
416,-206.223,6153.777,3659409.5
417,-437.107,3157.893,1524648.125
418,-1398.377,5871.623,5202109.0
419,-766.058,5633.942,4034274.5
420,-1419.091,5425.909,5110140.5
421,-594.78,6165.22,4059762.75
422,-1047.165,5867.835,4641473.0
423,-981.966,4578.034,3438309.25
424,-209.226,3875.774,1928187.375
425,-537.814,3907.186,2190344.25
426,-252.111,2917.889,1343457.875
427,-1469.979,6370.021,5357988.5
428,-1017.142,5557.858,4209220.5
429,-226.882,2633.118,1026515.9375
430,-832.699,4592.301,2649246.25
431,-956.518,4998.482,3565132.0
432,-818.582,4246.418,2724237.25
433,-979.39,4925.61,3607049.25
434,-588.228,3981.772,2178531.5
435,-1090.653,6049.347,4975696.5
436,-1009.994,5580.006,4490041.0
437,-469.825,5095.175,2670029.0
438,-1082.299,5662.701,4311978.0
439,-258.858,2691.142,1093933.75
440,-548.665,5501.335,3049652.75
441,-997.903,5677.097,4444263.5
442,-958.046,5856.954,4337155.5
443,-1264.883,5275.117,4621370.0
444,-584.811,6205.189,3962364.25
445,-209.91,6550.09,4159389.75
446,-657.848,5402.152,3213265.75
447,-649.096,5565.904,3641591.0
448,-890.479,5899.521,3953446.25
449,-872.55,5557.45,4313395.5
450,-1031.493,6153.507,5058825.0
451,-780.783,5599.217,3989530.0
452,-911.064,5848.936,3902218.5
453,-239.28,5985.72,3284690.0
454,-761.976,6068.024,3957287.5
455,-982.899,4997.101,3747708.5
456,-199.29,2810.71,1121665.375
457,-840.455,4984.545,3505454.75
458,-1057.207,5587.793,4064278.25
459,-1148.134,5976.866,5270095.5
460,-831.134,5193.866,3600334.25
461,-674.495,4330.505,2609919.5
462,-1128.187,5151.813,3847002.5
463,-1263.373,5851.627,4566971.0
464,-829.37,5045.63,3159211.75
465,-544.899,5630.101,3187258.75
466,-1005.064,5764.936,4288353.0
467,-704.439,5470.561,3680029.75
468,-1093.832,5746.168,4607584.0
469,-1027.455,5737.545,3885534.0
470,-1270.463,5754.537,4569536.5
471,-1443.884,5646.116,4932551.5
472,-162.509,3122.491,1342318.875
473,-573.043,6466.957,4525441.5
474,-730.418,6204.582,4480867.5
475,-1120.469,5874.531,4988153.5
476,-846.786,5223.214,3553372.0
477,-981.506,4598.494,3313375.0
478,-358.229,5871.771,3781526.75
479,-822.332,5837.668,3751328.5
480,-878.76,5821.24,4059654.5
481,-1078.852,6231.148,4703545.0
482,-563.086,5896.914,3510588.25
483,-905.196,5929.804,4201762.5
484,-1016.582,4958.418,3311692.0
485,-921.978,6083.022,4350909.0
486,-702.615,5492.385,3597080.0
487,-670.355,5644.645,3562281.75
488,-906.056,5363.944,3593582.0
489,-1143.732,5886.268,4587026.0
490,-288.262,3801.738,1897659.375
491,-372.308,6332.692,3396371.0
492,-1106.468,6198.532,4749770.0
493,-1124.289,5620.711,4216680.5
494,-578.68,5276.32,3281812.25
495,-729.629,5280.371,3483889.5
496,-440.792,5839.208,3027663.5
497,-1160.196,5314.804,3704878.75
498,-1042.256,5492.744,3815856.75
499,-758.377,5616.623,3793799.25
500,-1003.281,5631.719,4095406.0
501,-1196.167,6378.833,5336567.0
502,-1319.534,5325.466,4617562.0
503,-853.517,5716.483,3594089.0
504,-661.897,5768.103,3793120.25
505,-872.722,3817.278,2805784.5
506,-1046.79,5333.21,3737651.5
507,-620.787,5674.213,3278156.75
508,-1285.103,5259.897,4397328.5
509,-1276.526,6198.474,4937411.0
510,-763.197,4386.803,2642336.5
511,-876.357,3633.643,2184310.25
512,-958.179,6066.821,4541368.5
513,-508.898,6611.102,3735043.75
514,-705.015,5299.985,3637363.5
515,-665.8,5499.2,3785021.0
516,-723.36,6031.64,4000448.25
517,-599.722,4025.278,2320884.5
518,-1312.838,5642.162,4375138.5
519,-1155.874,5604.126,4318945.5
520,-633.958,4596.042,3055477.75
521,-514.809,5695.191,3485793.75
522,-583.545,6281.455,3957322.0
523,-521.928,5703.072,3735182.25
524,-602.202,5617.798,3779764.75
525,-565.81,6064.19,4043798.5
526,-1071.358,5588.642,4617999.0
527,-646.43,5463.57,3449661.25
528,-1104.642,5925.358,4485060.0
529,-1128.332,5206.668,4098284.0
530,-896.58,5588.42,4247741.0
531,-610.096,6069.904,4050523.5
532,-456.624,5553.376,3105986.75
533,-915.03,6289.97,4422294.5
534,-1496.483,5573.517,5490011.0
535,-370.275,5979.725,3468600.75
536,-552.367,5527.633,3684945.5
537,-1400.152,6039.848,4750213.5
538,-701.701,5433.299,3651773.5
539,-586.43,5488.57,3427142.25
540,-643.909,5821.091,3737113.75
541,-1485.997,5529.003,5158772.0
542,-763.961,5631.039,3627551.75
543,-357.006,6197.994,3758809.25
544,-674.932,6225.068,4135174.75
545,-833.611,6471.389,4879614.0
546,-907.607,5717.393,4079853.25
547,-469.713,2755.287,1373719.625
548,-1143.52,6096.48,4590162.5
549,-931.053,6088.947,4623211.0
550,-872.803,5242.197,3524640.75
551,-1176.666,5303.334,4117812.75
552,-391.304,5308.696,2865542.75
553,-521.231,4128.769,2444890.25
554,-1086.849,5543.151,4056799.0
555,-1195.697,5959.303,5130902.0
556,-783.727,5866.273,3813001.5
557,-1271.345,6243.655,5194271.5
558,-796.013,5943.987,4013439.25
559,-1072.909,6007.091,4694746.5
560,-1087.849,5262.151,4251999.0
561,-1174.919,5485.081,3983130.75
562,-658.419,5781.581,3244258.25
563,-700.028,4739.972,2957030.5
564,-986.442,5223.558,3762142.5
565,-571.907,5628.093,3474409.75
566,-887.991,6312.009,4516704.5
567,-1197.467,5497.533,3924792.5
568,-879.509,4740.491,3202929.25
569,-1639.355,6310.645,6447170.5
570,-742.407,6437.593,4271500.0
571,-1142.618,5737.382,4371841.5
572,-385.521,4769.479,2546349.5
573,-1082.901,5807.099,4345363.0
574,-950.842,4834.158,3272961.75
575,-458.989,5531.011,3240634.75
576,-438.676,5146.324,2661057.5
577,-677.755,3532.245,2148626.0
578,-792.08,5527.92,3502574.75
579,-344.657,3335.343,1513570.375
580,-444.564,5385.436,3495158.5
581,232.408,6362.408,3214241.5
582,-1318.029,6156.971,5753787.5
583,-1009.22,5050.78,3695287.0
584,-1169.189,5780.811,4912139.5
585,-644.147,5350.853,3177984.0
586,-764.155,6290.845,3797830.0
587,-767.346,5652.654,3678786.0
588,-1196.732,5603.268,4435850.5
589,-706.341,5328.659,3463657.75
590,-413.18,5796.82,3296514.5
591,-964.949,5735.051,3798026.25
592,-990.925,5984.075,4641941.0
593,-892.884,6022.116,3839055.5
594,-764.348,5945.652,3773614.25
595,-885.774,6439.226,4695788.0
596,-468.892,5711.108,3241384.0
597,-841.571,5738.429,3834342.0
598,-929.9,5795.1,4400975.0
599,-1038.027,5781.973,4389429.5
600,-1279.118,5695.882,5295094.0
601,-236.544,6378.456,3537797.25
602,-960.629,5004.371,3525193.75
603,-867.925,6722.075,4665583.0
604,-49.854,6035.146,3040281.75
605,-757.144,6182.856,3998416.25
606,-786.768,5708.232,4085962.25
607,-461.588,5453.412,3204440.25
608,-754.405,5525.595,3560347.25
609,-869.551,5830.449,3872479.25
610,-920.852,5394.148,3850200.25
611,-867.058,6032.942,4426026.5
612,-463.38,5391.62,2937110.75
613,-1163.189,6026.811,4759959.5
614,-939.149,6310.851,4454884.5
615,-631.022,5698.978,3293790.5
616,-1035.454,5824.546,4385316.0
617,-1292.861,5202.139,4764466.5
618,-971.637,5738.363,3737999.5
619,-1203.396,5901.604,4817723.0
620,-978.354,5996.646,4523884.5
621,-924.702,6050.298,4571431.5
622,-483.14,5786.86,3344044.75
623,-598.229,5931.771,3764179.0
624,-594.592,5660.408,3571402.75
625,-1004.083,5420.917,3641034.0
626,-534.026,5470.974,3279553.5
627,-266.379,5483.621,2793647.25
628,-888.144,6256.856,3848843.25
629,-1198.07,6126.93,4604907.5
630,-831.769,5148.231,3262553.0
631,-649.183,5375.817,3295387.25
632,-1076.393,5678.607,4348394.0
633,-1101.787,5678.213,4603100.5
634,-795.853,4234.147,2893872.25
635,-1085.25,4779.75,3595797.25
636,-1080.324,5619.676,3953682.25
637,-498.049,6021.951,3679389.5
638,-840.857,5949.143,4165973.25
639,-1046.728,5943.272,4746674.0
640,-323.058,5751.942,3298264.0
641,-153.234,5791.766,2820121.0
642,-921.814,5463.186,3417874.0
643,-720.367,5424.633,3406914.0
644,-1157.249,6022.751,4836105.0
645,-1204.45,6265.55,4778446.5
646,-801.159,5738.841,3785611.5
647,-773.789,5951.211,4142565.5
648,-482.381,5167.619,2920837.0
649,-228.565,6006.435,3390932.75
650,-1162.46,5587.54,4793864.0
651,-1008.845,5091.155,3303393.0
652,-768.423,6426.577,4237829.0
653,-921.559,6198.441,4556663.5
654,-900.767,5839.233,4375407.5
655,-863.934,5826.066,4355556.0
656,-1265.484,5874.516,5028287.5
657,-904.011,6285.989,4408209.5
658,-1304.143,5045.857,4485473.0
659,-1154.474,5435.526,4334768.5
660,-740.729,5304.271,2618665.25
661,-463.176,5481.824,3103857.0
662,-258.658,5436.342,2644725.0
663,-721.04,6023.96,3672116.0
664,-1401.527,6038.473,5471045.0
665,-1159.909,6165.091,4645674.5
666,-849.28,6485.72,4603854.0
667,-408.161,5391.839,2808031.75
668,-101.172,2408.828,880788.75
669,-881.412,6063.588,4002956.25
670,-185.544,4574.456,2269920.25
671,-731.159,6008.841,4448529.0
672,-750.666,5769.334,3286116.5
673,-528.339,6186.661,3947837.25
674,-733.864,5706.136,3338457.0
675,-1268.432,6026.568,4790947.5
676,-752.513,6217.487,4332675.0
677,-636.088,5368.912,3349975.0
678,-815.581,5874.419,4079711.75
679,-928.942,4966.058,4055737.0
680,-1590.705,6409.295,6193731.5
681,-888.747,5166.253,3731486.75
682,-525.712,3379.288,1705204.0
683,-907.924,5422.076,3644248.25
684,-681.378,5878.622,3459151.25
685,-728.994,5756.006,3670651.0
686,-660.598,5629.402,3299522.0
687,-474.195,5705.805,3553004.5
688,-921.961,5663.039,3701808.5
689,-910.119,5599.881,4444162.0
690,-1049.791,5930.209,4574007.0
691,-852.87,6757.13,4421557.0
692,-800.975,5424.025,3388483.25
693,-657.737,5642.263,3367851.0
694,-816.49,5988.51,4201916.5
695,-822.27,4672.73,2926896.5
696,-592.633,5527.367,3636210.75
697,-1073.022,5271.978,3325252.0
698,-563.123,5321.877,2941983.75
699,-568.546,6396.454,4094982.75
700,-1035.094,6034.906,4038243.25
701,-993.729,5511.271,3827755.75
702,-1170.175,5624.825,4056764.75
703,-755.232,5544.768,3946253.25
704,-963.486,5376.514,3518450.5
705,-813.968,5771.032,3184565.75
706,-1097.048,5692.952,4903923.5
707,-702.626,6017.374,3952241.25
708,-974.136,5840.864,3797260.5
709,-607.855,5977.145,3754201.25
710,-315.096,6094.904,3174211.25
711,-770.457,5724.543,4005696.75
712,-1047.605,6077.395,4310928.0
713,-599.743,5625.257,3185112.75
714,-874.556,5165.444,3405099.25
715,-355.636,5244.364,2745586.75
716,-873.714,6176.286,4379357.5
717,-741.362,4623.638,2703075.0
718,-931.909,5468.091,4189626.75
719,-847.272,5932.728,4140145.0
720,-341.002,6233.998,3431639.5
721,-678.193,5731.807,3287993.25
722,-734.665,5215.335,2889847.0
723,-516.306,5798.694,3466919.25
724,-974.808,5745.192,4126483.75
725,-930.824,4839.176,2934977.75
726,-908.742,5181.258,3643226.5
727,-1238.232,5526.768,4174593.75
728,-1318.527,6731.473,5363343.0
729,-719.451,5920.549,3716462.75
730,-1169.462,6380.538,5083944.5
731,-881.049,5453.951,3408514.25
732,-840.56,6034.44,4351952.0
733,-1166.408,5613.592,4617735.5
734,-757.389,5197.611,2826868.0
735,-849.315,4890.685,2776011.0
736,-728.074,5651.926,3593924.5
737,-1088.692,5541.308,4368109.5
738,-675.163,6529.837,4126822.75
739,-770.581,5239.419,3383725.75
740,-596.267,5303.733,2731516.25
741,-647.608,6462.392,4235817.5
742,-936.76,5423.24,4271448.5
743,-1002.976,5107.024,3840862.25
744,-1081.558,6178.442,4686564.0
745,-512.707,4187.293,2338098.75
746,-1186.411,5358.589,4001699.0
747,-589.569,6410.431,3941342.5
748,-911.926,5663.074,4134077.75
749,-963.717,5356.283,3703254.5
750,-677.336,5752.664,3226713.0
751,-1149.451,6185.549,4800963.5
752,-722.265,5142.735,3077600.5
753,-1121.229,5628.771,4514194.5
754,-967.183,6527.817,5093812.5
755,-1126.965,6418.035,4712508.0
756,-518.449,5211.551,2967248.5
757,-739.093,5905.907,3847357.5
758,-415.415,5174.585,2630433.75
759,-1086.024,6098.976,4026588.25
760,-747.214,5767.786,3480569.25
761,-800.86,5614.14,3636439.75
762,-659.929,6430.071,4340978.5
763,-864.053,5675.947,3629459.5
764,-988.984,5726.016,4084032.0
765,-892.338,5962.662,3746955.5
766,-962.309,5377.691,3544407.0
767,-531.826,5878.174,3337284.5
768,-754.864,5970.136,3829208.25
769,-1417.143,5257.857,3896345.0
770,-983.907,5771.093,4249940.5
771,-1162.463,5767.537,4340561.5
772,-763.283,6191.717,4272593.5
773,-987.351,5807.649,3669114.5
774,-604.587,5455.413,3572805.25
775,-669.38,5740.62,3087716.5
776,-776.038,5243.962,3054066.25
777,-393.765,6246.235,3994588.0
778,-1058.615,5396.385,3743087.5
779,-506.138,6108.862,3740027.5
780,-904.261,5445.739,3533821.25
781,-1028.547,6216.453,4100760.25
782,-1153.353,6096.647,4368597.5
783,-593.951,5241.049,2949142.25
784,-941.688,5613.312,3733379.25
785,-863.099,6326.901,4113459.75
786,-819.672,5200.328,3248676.0
787,-381.165,6138.835,3344189.25
788,-270.422,5584.578,2680889.75
789,-1287.974,6502.026,5447119.0
790,-446.817,3308.183,1773442.125
791,-464.542,5450.458,2954760.0
792,-121.721,5748.279,2907917.75
793,-1028.703,5526.297,4311168.5
794,-959.348,5630.652,3713571.5
795,-1309.12,5650.88,4435614.5
796,-997.117,5842.883,3794034.0
797,-1068.211,6051.789,4318177.5
798,-423.909,5066.091,2509911.5
799,-864.491,5545.509,3488251.25
800,-895.896,5619.104,3541857.0
801,-1042.627,5492.373,4372897.0
802,-1109.96,5735.04,4347800.0
803,-958.376,5771.624,3696025.75
804,-667.753,5747.247,3370467.0
805,-946.407,5643.593,3597935.75
806,-961.901,5953.099,4565285.0
807,-897.33,6322.67,4529415.5
808,-323.463,5301.537,2834132.0
809,-867.893,5872.107,4147013.75
810,-680.084,5919.916,3417503.5
811,-862.042,5712.958,3860298.5
812,-909.841,5315.159,3496606.5
813,-943.001,6446.999,4843486.0
814,-893.177,5696.823,4392362.0
815,-1054.321,5810.679,4381278.5
816,-1188.494,5201.506,4085029.0
817,-682.155,5602.845,3401184.25
818,-723.492,5351.508,3056936.75
819,-1091.701,5813.299,3679265.25
820,-1282.41,5237.59,4165869.25
821,-987.4,5602.6,3892742.0
822,-353.956,5601.044,3207409.75
823,-742.189,6192.811,4246487.0
824,-504.358,5725.642,3363514.0
825,-948.968,6291.032,4459065.0
826,-999.869,5770.131,4488593.5
827,-907.169,6262.831,4204581.0
828,-717.375,6487.625,4299511.5
829,-1339.724,5255.276,4239115.0
830,-990.629,5899.371,4484724.0
831,-1462.978,6397.022,5671372.5
832,-865.008,5569.992,3635475.0
833,-829.275,4825.725,2826156.75
834,-1057.571,5062.429,3644495.5
835,-36.635,5573.365,2853925.5
836,-1077.736,5747.264,3994416.0
837,-817.805,5252.195,3363988.25
838,-855.222,5979.778,3866307.25
839,-1047.347,6322.653,4389286.0
840,-665.985,6424.015,4218222.0
841,-791.553,5178.447,3313164.0
842,-701.985,5723.015,3803085.75
843,-959.168,6305.832,4166503.25
844,-1070.908,5584.092,3876792.0
845,-1048.037,5236.963,4414336.0
846,-953.578,5786.422,3985149.5
847,-747.66,6527.34,4590305.0
848,-980.579,5059.421,3128783.0
849,-654.132,5920.868,3509511.5
850,-1386.661,6073.339,5815942.5
851,-1096.111,5483.889,3793188.0
852,-1361.834,6143.166,5225443.5
853,-328.418,5426.582,2586606.5
854,-531.328,6038.672,4032936.5
855,-521.471,6068.529,4001978.5
856,-992.113,5712.887,4379201.5
857,-827.463,5737.537,3215040.75
858,-933.703,6086.297,4076479.75
859,-617.421,5652.579,2984451.5
860,-490.406,5484.594,3156706.75
861,-924.928,5775.072,3914353.5
862,-936.633,4898.367,3297288.25
863,-960.104,5394.896,3374824.5
864,-887.305,5837.695,3899964.75
865,-1268.721,6416.279,4366770.0
866,-941.098,6203.902,4571168.5
867,-927.861,5857.139,3996715.0
868,-641.151,6308.849,3562539.5
869,-786.102,5393.898,3176828.25
870,-561.723,5783.277,3202187.25
871,-1099.177,5690.823,4818755.0
872,-960.908,6009.092,4669242.0
873,-467.235,6392.765,3926983.5
874,-989.475,6145.525,4232449.5
875,-705.698,5959.302,3623171.5
876,-715.997,5314.003,3285495.25
877,-533.233,5721.767,3335409.25
878,-1114.007,5540.993,4038565.5
879,-809.804,5395.196,3331002.25
880,-1161.193,5138.807,3764778.0
881,-745.225,5394.775,3179446.75
882,-936.062,6218.938,4136040.0
883,-558.534,5576.466,3054445.25
884,-536.77,4973.23,2768659.25
885,-758.558,5711.442,3807314.0
886,-1148.567,5241.433,3672807.75
887,-938.514,5691.486,3875319.0
888,-1393.649,5426.351,4965051.0
889,-1325.03,5539.97,4170911.75
890,-1308.417,5271.583,3635813.25
891,-1313.298,6011.702,4927678.5
892,-1067.927,5797.073,3683292.0
893,-630.743,5424.257,3157899.5
894,-643.164,6126.836,3767833.0
895,-139.916,5545.084,2768504.0
896,-687.397,5807.603,3587671.0
897,-750.464,5244.536,3316928.0
898,-664.475,5470.525,3090248.5
899,-424.72,3155.28,1552178.125
900,-95.055,5979.945,3289184.25
901,-636.689,5373.311,3088231.25
902,-1084.009,6205.991,4644551.5
903,-968.817,5511.183,3652113.5
904,-1312.21,6472.79,5044699.0
905,-576.822,6128.178,3919589.75
906,-947.82,5907.18,3975735.75
907,-1213.806,5966.194,4552244.0
908,-986.015,5043.985,3452475.25
909,-1133.586,5986.414,4702136.5
910,-886.189,5733.811,3612970.25
911,-964.445,5280.555,3311756.75
912,-485.86,5004.14,2746503.0
913,-894.354,6295.646,4214865.5
914,-853.792,5541.208,3351068.75
915,-881.987,5423.013,3603712.0
916,-958.689,5961.311,4331028.0
917,-1072.037,5927.963,3846584.25
918,-822.177,6212.823,4473430.0
919,-613.426,5291.574,2721035.75
920,-535.972,5709.028,3385943.5
921,-960.411,5764.589,3866427.5
922,-588.893,5751.107,3444548.5
923,-1018.193,5146.807,3811684.5
924,-793.085,5336.915,3564393.0
925,-798.261,5531.739,3665574.5
926,-855.973,6819.027,4976561.5
927,-658.861,5066.139,2866533.5
928,-565.775,5599.225,3044789.75
929,-1236.299,6168.701,5094894.0
930,-818.728,6251.272,4064702.75
931,-985.91,5079.09,3267900.0
932,-1197.586,6292.414,4859294.5
933,-666.552,6128.448,3910956.25
934,-1294.1,6110.9,5215024.5
935,-663.439,5861.561,3862186.5
936,-683.136,5601.864,3543304.25
937,-1243.3,5616.7,4453518.0
938,-847.012,6122.988,4298215.0
939,-721.012,5718.988,3680237.0
940,-510.867,5749.133,3466478.5
941,-1307.457,5797.543,5154711.5
942,-766.509,5658.491,3831807.75
943,-981.876,5678.124,3727812.25
944,-629.938,5455.062,3053636.25
945,-1311.824,5648.176,4730507.5
946,-1064.503,4690.497,2780440.25
947,-815.575,5664.425,3672359.75
948,-868.16,6051.84,3760496.0
949,-782.483,5647.517,3817142.75
950,-847.15,6352.85,4393540.5
951,-1053.677,6021.323,4653516.0
952,-776.303,6223.697,4419693.0
953,-1135.315,6009.685,4698160.0
954,-1546.018,6423.982,5498977.0
955,-636.002,6038.998,3645329.75
956,-1077.62,5882.38,4157927.25
957,-807.547,6037.453,3566587.5
958,-1191.495,5543.505,4252529.0
959,-1259.831,5960.169,4448803.5
960,-740.083,5799.917,3254955.25
961,-1078.986,6251.014,4238518.5
962,-998.033,5886.967,4341038.0
963,-1044.107,5555.893,4065782.25
964,-1158.625,5286.375,3677592.75
965,-907.688,5032.312,2877167.5
966,-1080.039,6429.961,4853676.0
967,-1071.762,6183.238,4580497.0
968,-643.406,6126.594,3532841.5
969,-623.486,5796.514,3658784.25
970,-743.747,5366.253,3574755.75
971,-612.914,5082.086,2562234.5
972,-669.768,5645.232,3839298.5
973,-829.729,5800.271,3557427.25
974,-702.338,5547.662,3331116.25
975,-565.339,6649.661,4016131.25
976,-770.289,5224.711,3157564.75
977,-1408.627,5591.373,4138674.5
978,-1040.772,5169.228,3493342.75
979,-1108.306,5631.694,4236826.0
980,-1325.989,5644.011,4880703.0
981,-1222.886,5012.114,3885690.0
982,-1039.04,5380.96,3136164.0
983,-982.631,5157.369,3445687.0
984,-574.928,5995.072,3635102.5
985,-827.605,5947.395,4071793.75
986,-699.495,5095.505,3217176.25
987,-1212.179,5347.821,4460077.5
988,-548.472,5646.528,2926782.0
989,-665.968,5709.032,3558133.0
990,-360.246,5869.754,3360492.5
991,-338.006,6201.994,3862091.75
992,-758.789,5321.211,2939999.75
993,-649.824,5935.176,3717603.0
994,-938.487,5806.513,4004142.75
995,-776.262,6328.738,4527649.0
996,-1159.573,5830.427,4444996.5
997,-451.773,5128.227,2660000.0
998,-596.912,5788.088,3574041.75
999,-915.814,5814.186,3955627.5
1000,-498.086,5741.914,3210737.75
1001,-957.987,5227.013,3533547.25
1002,-1577.068,6127.932,5818766.5
1003,-1175.97,5484.03,4293416.0
1004,-771.988,5638.012,3475905.5
1005,-1145.202,5424.798,4152160.0
1006,-737.932,5727.068,3649444.5
1007,-752.876,5517.124,3236213.75
1008,-1206.659,5888.341,4962068.0
1009,-935.942,5904.058,3897489.5
1010,-1144.675,6365.325,4710672.5
1011,-536.304,5363.696,2582407.25
1012,-1078.267,4621.733,3351915.25
1013,-882.967,5697.033,3915454.75
1014,-667.293,6202.707,3741205.25
1015,-1095.532,5794.468,3808294.5
1016,-734.19,4680.81,2743011.75
1017,-877.762,5407.238,4085220.75
1018,-1240.187,6069.813,4399370.0
1019,-1212.545,5212.455,3890666.75
1020,-825.34,5989.66,4089931.75
1021,-935.251,5299.749,3774099.75
1022,-329.537,5000.463,2296849.0
1023,-755.646,5114.354,3386561.25
1024,-905.126,5119.874,3354815.0
1025,-992.378,6142.622,5012492.5
1026,-754.579,5650.421,3696223.0
1027,-1075.832,5509.168,4506945.0
1028,-947.209,5917.791,4241630.5
1029,-745.952,5649.048,4119546.75
1030,-752.498,6502.502,4796318.5
1031,-848.594,4851.406,3413109.0
1032,-877.833,6247.167,4718499.0
1033,-708.466,6021.534,3860524.75
1034,-924.826,5390.174,3705526.5
1035,-1022.497,5227.503,3801843.5
1036,-1065.817,5989.183,4255684.0
1037,-950.786,6144.214,4077969.25
1038,-951.572,5683.428,4142709.0
1039,-1489.944,5485.056,4606333.5
1040,-685.375,6049.625,4169118.5
1041,-859.908,5650.092,3977768.75
1042,-1067.42,5777.58,4140543.0
1043,-701.328,4823.672,2881055.75
1044,-810.337,5784.663,3780023.25
1045,-690.761,5049.239,3341788.0
1046,-1178.333,6096.667,4684335.5
1047,-629.55,5495.45,3304854.5
1048,-869.525,6010.475,4089063.5
1049,-901.64,5858.36,3824287.5
1050,-282.091,3612.909,1708761.125
1051,-1132.474,5602.526,4421873.0
1052,-946.127,6608.873,4373752.0
1053,-671.167,6263.833,3939611.5
1054,-979.159,5135.841,3504250.25
1055,-681.292,5078.708,3065341.25
1056,-1048.005,5301.995,3534490.0
1057,-717.539,6172.461,3976147.75
1058,-151.52,5303.48,2671715.25
1059,-658.458,6051.542,3616857.5
1060,-638.702,5041.298,2728188.0
1061,-1056.457,5118.543,4054379.25
1062,-780.261,5669.739,3515125.25
1063,-1344.672,5945.328,4763295.5
1064,-1170.62,6399.38,4679425.5
1065,-903.081,5446.919,3887444.75
1066,-392.785,6167.215,3418987.75
1067,-659.646,5660.354,3302855.0
1068,-837.88,6077.12,4138545.25
1069,-756.161,4998.839,3061083.0
1070,-924.895,5620.105,3794167.0
1071,-1528.431,7266.569,6951803.5
1072,-1125.418,5584.582,4062842.25
1073,-931.436,6053.564,3862189.5
1074,-1073.216,5126.784,4113654.0
1075,-722.573,5457.427,3193710.25
1076,-1174.132,5860.868,4156402.5
1077,-721.196,5288.804,2960341.25
1078,-1104.959,5110.041,3411411.5
1079,-767.594,5512.406,3614210.25
1080,-713.961,5631.039,3965444.75
1081,-1044.186,5595.814,4368053.5
1082,-1135.903,6069.097,4469343.5
1083,-1517.113,6397.887,5236265.5
1084,-767.746,5702.254,3835730.25
1085,-1292.635,5807.365,4427985.0
1086,-748.652,5496.348,3859656.25
1087,-974.998,5635.002,4345644.5
1088,-649.696,5420.304,3431423.5
1089,-1023.492,5916.508,3808478.0
1090,-442.669,5782.331,3261749.75
1091,-777.295,6082.705,4320197.0
1092,-584.671,5545.329,3202520.5
1093,-1313.794,5256.206,4304262.0
1094,-757.974,6112.026,4364097.0
1095,-778.237,6081.763,3840718.25
1096,-750.01,5944.99,3628784.25
1097,-718.683,5816.317,4020736.0
1098,-1042.869,5807.131,3985591.0
1099,-880.137,5814.863,4256784.5
1100,-862.442,6132.558,3878293.25
1101,-811.667,5478.333,3312972.25
1102,-584.638,5345.362,3144156.75
1103,-853.958,5706.042,3105355.5
1104,-672.04,5482.96,3468426.5
1105,-911.56,6578.44,4401037.5
1106,-793.024,5481.976,3271700.5
1107,-1076.499,5993.501,4147311.0
1108,-1128.948,5496.052,3928520.0
1109,-143.489,5946.511,3032358.25
1110,-963.781,5376.219,3501270.5
1111,-654.109,5185.891,2833131.0
1112,-1295.332,5764.668,4648779.0
1113,-1154.749,5405.251,4189981.5
1114,-798.825,5921.175,4205904.5
1115,-1252.939,5307.061,4841609.0
1116,-869.122,5905.878,4054864.5
1117,-420.826,2919.174,1358449.5
1118,-1165.516,6109.484,4648380.0
1119,-1062.23,6232.77,4921379.0
1120,-103.546,5771.454,2916592.25
1121,-860.112,5734.888,3763830.25
1122,-531.768,5618.232,3401768.75
1123,-1362.109,5617.891,4095297.0
1124,-1109.082,5965.918,3874016.75
1125,-852.213,5532.787,3664114.0
1126,-805.701,5374.299,3257360.5
1127,-1137.28,5377.72,4074244.75
1128,-780.546,5459.454,3519882.25
1129,-1302.297,6127.703,5157524.0
1130,-1426.54,6538.46,5489284.0
1131,-1313.986,5606.014,4588341.0
1132,-739.387,5725.613,3465447.25
1133,-1225.82,5244.18,4497929.0
1134,-942.229,5617.771,4244409.0
1135,-889.992,6170.008,4367938.5
1136,-810.768,5449.232,3613361.5
1137,-1255.491,5619.509,4664809.0
1138,-925.356,5349.644,3483051.5
1139,-1181.323,5643.677,3416821.75
1140,-873.789,6416.211,4301545.0
1141,-1109.359,5590.641,4728456.5
1142,-925.98,5789.02,3636894.5
1143,-334.685,3890.315,1912065.5
1144,-614.109,5775.891,3601533.0
1145,-678.802,5086.198,3073361.0
1146,-350.844,5544.156,3009661.0
1147,-600.757,5604.243,3351395.5
1148,-808.656,6086.344,3580851.75
1149,-1281.776,5783.224,4736892.5
1150,-804.788,6010.212,4248944.5
1151,-722.698,6022.302,3741941.5
1152,-1077.061,6297.939,5147257.5
1153,-982.436,5952.564,4286686.0
1154,-739.349,5620.651,3196709.5
1155,-769.175,5615.825,3528136.25
1156,-820.788,5859.212,4025066.0
1157,-817.179,6017.821,3689381.75
1158,-951.189,5933.811,3617343.25
1159,-1123.418,6101.582,4466809.5
1160,-467.895,5332.105,2867558.25
1161,-936.979,5808.021,3943125.0
1162,-576.324,5918.676,3755735.0
1163,-976.889,5658.111,3937330.25
1164,-398.942,6541.058,3994162.0
1165,-866.297,6053.703,4504232.0
1166,-1235.818,6304.182,5188955.0
1167,-581.504,5733.496,3239302.25
1168,-834.158,6455.842,4125799.75
1169,-899.298,6950.702,5195240.5
1170,-1129.049,5615.951,3906132.5
1171,-1105.331,5734.669,4171742.75
1172,-223.726,2466.274,819671.75
1173,-1255.979,6499.021,5606024.0
1174,-916.247,5373.753,3821082.0
1175,-737.096,5632.904,3821739.5
1176,-1108.665,5841.335,4186168.5
1177,-587.525,5922.475,3697214.0
1178,-1114.143,6265.857,5100151.5
1179,-950.418,4029.582,2919507.75
1180,-800.938,6034.062,3837764.5
1181,-392.222,3172.778,1547365.625
1182,-496.423,5288.577,3005519.25
1183,-1544.051,5755.949,5238860.5
1184,-260.312,5604.688,3126675.25
1185,-558.738,6141.262,3653876.25
1186,-570.01,5409.99,3307554.0
1187,-788.995,5541.005,3733898.0
1188,-1118.82,6111.18,4041615.0
1189,-984.146,5330.854,3949044.0
1190,-861.735,5658.265,3497774.75
1191,-799.671,5675.329,3964744.5
1192,-1066.423,5043.577,3810222.5
1193,-941.985,5743.015,3972645.5
1194,-919.207,6060.793,3881702.5
1195,-986.273,5523.727,3990922.25
1196,-599.107,5645.893,3138677.75
1197,-616.729,5298.271,3182245.25
1198,-1005.586,5679.414,3805145.5
1199,-739.032,5620.968,3624591.0
1200,-1197.166,5287.834,4366470.5
1201,-485.145,5989.855,3241295.25
1202,-1066.912,5798.088,4229469.0
1203,-723.207,5911.793,3551832.25
1204,-1508.014,6316.986,5485136.5
1205,-748.476,5561.524,3289421.5
1206,-1193.525,6036.475,4327274.5
1207,-320.657,3364.343,1484478.0
1208,-1099.827,6005.173,4489614.0
1209,-553.033,5631.967,3308312.5
1210,-586.771,5838.229,3556551.5
1211,-629.787,5530.213,2956625.0
1212,-330.476,5839.524,3287930.25
1213,-927.837,5997.163,4064884.75
1214,-659.945,4870.055,2739067.25
1215,-971.115,5078.885,3490171.25
1216,-926.769,5368.231,2759551.5
1217,-1402.776,5157.224,4935512.0
1218,-1451.209,5168.791,4355063.0
1219,-839.346,5405.654,4191972.0
1220,-1026.295,5213.705,3842319.5
1221,-1120.179,5104.821,3867206.0
1222,-517.719,5377.281,3206713.25
1223,-811.082,6023.918,3852885.25
1224,-1107.246,5862.754,4101395.5
1225,-950.46,5934.54,4226309.5
1226,-1000.913,5904.087,3931722.75
1227,-823.458,5361.542,3160899.0
1228,-1107.708,5767.292,4524177.5
1229,-1076.417,5678.583,4310445.0
1230,-1266.615,5693.385,4760718.0
1231,-686.002,4143.998,2568012.75
1232,-550.626,5529.374,3107452.5
1233,-943.604,6021.396,4387143.5
1234,-794.834,5420.166,3601683.0
1235,-649.412,5440.588,3169808.0
1236,-934.129,5905.871,4013768.75
1237,-905.349,5949.651,3776315.75
1238,-1339.028,5960.972,5254908.0
1239,-1086.307,5553.693,4276711.0
1240,-802.977,5592.023,3435505.75
1241,-890.291,5739.709,3836242.0
1242,-571.809,5513.191,3274445.0
1243,-544.81,6350.19,3813654.75
1244,-799.361,5845.639,4130428.5
1245,-1210.442,6219.558,5036096.5
1246,-1011.622,6158.378,4403390.0
1247,-1261.249,5183.751,3702820.0
1248,-1042.23,5862.77,4143366.0
1249,-1170.037,5604.963,4233689.5
1250,-573.472,6351.528,3521753.5
1251,-1129.772,5770.228,3842591.5
1252,-671.377,5873.623,3881520.5
1253,-1080.424,5114.576,3584062.75
1254,-743.157,5646.843,3427219.0
1255,-516.364,6743.636,4234220.5
1256,-1348.801,5441.199,4361847.5
1257,-978.299,5661.701,4161306.0
1258,-850.152,3949.848,2346235.25
1259,-1135.696,5354.304,3995947.5
1260,-801.249,5318.751,3021895.0
1261,-1080.28,5914.72,4231275.5
1262,-791.428,6008.572,3567953.5
1263,-833.54,5596.46,3728486.75
1264,-804.747,6080.253,4199789.5
1265,-976.385,5023.615,2843753.75
1266,-755.273,5714.727,3735982.75
1267,-1289.665,5320.335,4216497.5
1268,-776.025,5978.975,4172966.0
1269,-851.386,5738.614,4087072.5
1270,-728.762,6006.238,3653485.75
1271,-1573.444,6276.556,6036264.5
1272,-715.27,5229.73,2739535.0
1273,-1109.378,5985.622,4653491.0
1274,-823.579,6131.421,3986228.25
1275,-777.434,5807.566,3451734.75
1276,-1123.813,4746.187,3245474.25
1277,-1215.987,6204.013,4370117.5
1278,-875.251,5014.749,3353161.0
1279,-741.995,5618.005,3646940.0
1280,-1084.421,5660.579,3997427.5
1281,-849.317,5585.683,3877745.25
1282,-1027.991,6282.009,4729520.0
1283,-411.26,2808.74,1293686.0
1284,-821.713,5858.287,4051328.0
1285,-718.03,5291.97,2796821.25
1286,-1386.338,6008.662,5547072.5
1287,-718.466,5666.534,3107726.0
1288,-653.536,5646.464,3503577.25
1289,-956.175,5163.825,3431121.5
1290,-1287.518,5822.482,4505024.0
1291,-1127.356,5437.644,3939711.0
1292,-769.818,5155.182,3092955.75
1293,-1390.173,5469.827,4770949.5
1294,-767.538,5472.462,3090296.75
1295,-889.8,5090.2,3153425.75
1296,-203.044,5511.956,2806283.5
1297,-1026.56,5883.44,3860869.25
1298,-761.018,5193.982,3098280.0
1299,-872.492,5757.508,3608195.75
1300,-1187.534,6177.466,4598908.0
1301,-859.931,5860.069,4016965.25
1302,-813.482,5561.518,3417662.0
1303,-1077.599,5077.401,3779316.75
1304,-911.598,5208.402,3109441.0
1305,-839.828,5665.172,3564998.5
1306,-845.965,5619.035,3656709.25
1307,-999.803,5150.197,3822897.75
1308,-890.89,5499.11,3442527.0
1309,-625.492,5364.508,3226238.75
1310,-855.226,5854.774,3903643.75
1311,-1097.458,5942.542,4829591.0
1312,-1189.596,5480.404,4440848.0
1313,-974.319,5800.681,3471621.75
1314,-692.459,5857.541,3439446.5
1315,-643.289,5496.711,2912426.25
1316,-1264.26,6085.74,4584049.0
1317,-1028.505,6186.495,4539759.0
1318,-444.232,6275.768,4119781.25
1319,-863.33,5606.67,3554157.25
1320,-838.744,5601.256,3174178.0
1321,-1041.301,5798.699,3862800.0
1322,-657.482,5527.518,3015549.0
1323,-788.169,5841.831,3612345.0
1324,-817.106,4687.894,2873265.0
1325,-475.706,5169.294,2912675.25
1326,-525.191,6129.809,3633990.25
1327,-442.039,3602.961,1846958.5
1328,-1114.06,5090.94,3289987.0
1329,-1119.272,6500.728,4610435.0
1330,-1108.086,4821.914,3279799.0
1331,-632.837,5872.163,3893399.75
1332,-620.013,5904.987,3354351.0
1333,-830.364,5844.636,4223809.0
1334,-987.517,5517.483,3792179.25
1335,-866.142,6053.858,3986738.25
1336,-659.132,5775.868,3254989.75
1337,-683.841,5776.159,3213050.0
1338,-733.006,5991.994,3949434.25
1339,-548.788,6276.212,4065563.75
1340,-1034.823,5470.177,4303623.0
1341,-1331.478,5933.522,4237651.0
1342,-982.228,5162.772,3709743.5
1343,-397.819,5747.181,3244988.0
1344,-1142.52,5602.48,4360581.0
1345,-1147.797,5557.203,4046674.5
1346,-515.22,5089.78,3148261.0
1347,-888.355,5816.645,3609009.5
1348,-496.593,5708.407,3385794.75
1349,-1131.161,5313.839,3652751.75
1350,-1273.383,5781.617,4269282.0
1351,-1026.766,5843.234,3780264.5
1352,-671.274,5453.726,3103165.75
1353,-986.936,5768.064,4135515.5
1354,-744.576,5540.424,2882092.25
1355,-1206.063,5123.937,3579415.25
1356,-682.624,5852.376,3303206.75
1357,-820.358,5229.642,3358903.25
1358,-942.344,5722.656,4415243.0
1359,-712.368,5432.632,3397084.25
1360,-694.118,5845.882,3778228.25
1361,-1152.265,6377.735,4558973.0
1362,-1115.436,5674.564,3738481.75
1363,-789.376,6085.624,3844908.75
1364,-747.465,5212.535,2994594.25
1365,-654.532,6305.468,4155247.75
1366,-571.927,5368.073,3105421.75
1367,-967.138,5677.862,3845838.25
1368,-606.472,5348.528,2910439.5
1369,-1117.05,5737.95,4196319.5
1370,-761.263,5853.737,3706517.75
1371,-827.127,6262.873,3983519.0
1372,-719.415,5605.585,3527431.0
1373,-1532.724,6352.276,5608363.5
1374,-906.303,6053.697,3846147.25
1375,-880.775,5874.225,3653977.75
1376,-821.125,5648.875,3814316.0
1377,-1090.633,5434.367,3949127.25
1378,-863.952,5006.048,3025858.5
1379,-668.77,5196.23,3197962.0
1380,-395.405,5669.595,2845721.25
1381,-1185.778,5034.222,3590705.75
1382,-815.332,5664.668,3502314.5
1383,-926.629,5303.371,3200132.75
1384,-687.319,5727.681,3544470.0
1385,-454.763,5470.237,2867391.0
1386,-846.131,6143.869,4098408.75
1387,-566.879,4928.121,2617118.5
1388,-574.022,6170.978,4085862.5
1389,-1113.268,5961.732,4349052.5
1390,-644.924,5810.076,3566855.5
1391,-983.808,5846.192,3775253.75
1392,-651.689,5258.311,3080451.0
1393,-907.543,5172.457,3033635.25
1394,-868.536,5801.464,3853791.0
1395,-1119.07,5640.93,3871784.0
1396,-539.297,6230.703,4032386.5
1397,-589.027,5675.973,3231647.5
1398,-774.494,5705.506,3364484.0
1399,-770.195,5154.805,3100546.25
1400,-1076.814,5363.186,3838193.25
1401,-923.941,5976.059,3873024.0
1402,-279.469,2770.531,1238784.625
1403,-1156.702,5958.298,4301093.0
1404,-1211.761,5948.239,4791634.0
1405,-1058.598,6066.402,4240927.0
1406,-1155.319,5559.681,3581499.25
1407,-363.638,5751.362,3014435.25
1408,-888.299,5681.701,3717149.0
1409,-691.404,5483.596,3288914.25
1410,-1015.051,5239.949,3113596.75
1411,-1099.322,5405.678,4119052.5
1412,-991.942,5063.058,3206327.25
1413,-376.993,5718.007,2913265.25
1414,-594.945,5235.055,3143212.0
1415,-1043.862,5526.138,3797867.5
1416,-1092.583,5452.417,3743149.75
1417,-956.994,5438.006,3450062.5
1418,-1212.873,5422.127,4467614.0
1419,-996.402,6023.598,4483656.5
1420,-672.756,5807.244,3634972.5
1421,-538.295,5036.705,2578269.5
1422,-1073.049,6236.951,4470022.0
1423,-945.135,5119.865,3049981.25
1424,-720.211,5539.789,2888448.25
1425,-1430.721,5154.279,4214635.5
1426,-886.417,6038.583,4002836.5
1427,-705.691,5224.309,2798741.5
1428,-1248.358,5781.642,4604021.5
1429,-746.042,5708.958,2659715.0
1430,-1160.256,5999.744,4303559.5
1431,-1168.676,5856.324,4375494.0
1432,-1096.392,6323.608,5208565.0
1433,-960.755,5654.245,4285028.0
1434,-501.681,5498.319,2878052.25
1435,-573.285,5826.715,3534240.75
1436,-940.992,5794.008,4526152.5
1437,-719.541,5710.459,3548727.75
1438,-1207.369,5772.631,4553320.0
1439,-394.401,5350.599,3030847.0
1440,-983.094,6161.906,4258513.0
1441,-1019.556,6310.444,4089157.75
1442,-986.314,6188.686,4426105.5
1443,-1540.712,5599.288,4230739.0
1444,-917.442,5687.558,3566804.25
1445,-967.592,5992.408,3942103.25
1446,-1147.024,5347.976,3230422.0
1447,-796.29,5973.71,3962452.25
1448,-1221.233,5298.767,3778130.5
1449,-909.282,5985.718,3896091.5
1450,-1070.561,5209.439,3415643.0
1451,-865.453,5644.547,3638220.25
1452,-1172.05,6267.95,4467872.0
1453,-1002.789,5422.211,3730337.0
1454,-776.26,5803.74,3912175.25
1455,-639.615,5750.385,3657611.25
1456,-835.708,5029.292,2924213.75
1457,-903.511,6056.489,4216988.5
1458,-973.218,6096.782,4558264.0
1459,-370.585,6754.415,4227107.0
1460,-1100.691,6529.309,5132002.0
1461,-858.938,6051.062,3842051.75
1462,-732.822,5302.178,3396397.5
1463,-1536.301,5508.699,5081621.0
1464,-882.131,5662.869,3632928.25
1465,-792.791,6112.209,4266506.0
1466,-969.177,5510.823,3726797.0
1467,-1294.287,5515.713,4162861.25
1468,-943.868,5896.132,4408354.5
1469,-1394.587,5950.413,5331630.5
1470,-846.522,5828.478,3805863.0
1471,-1057.077,6382.923,4657398.0
1472,-986.014,5558.986,3481004.75
1473,-681.848,5498.152,3140294.0
1474,-701.407,6078.593,3628773.25
1475,-786.848,6023.152,3923684.25
1476,-950.108,5619.892,3789012.75
1477,-1170.449,6324.551,4530341.0
1478,-838.592,6181.408,3924100.75
1479,-708.34,6796.66,3923557.75
1480,-655.413,5604.587,2893767.0
1481,-775.488,6169.512,4111453.25
1482,-917.11,5267.89,3395520.0
1483,-969.609,5925.391,4070338.75
1484,-909.517,5450.483,3532531.25
1485,-1248.233,6096.767,4779677.0
1486,-1396.251,6458.749,5463392.5
1487,-827.312,5612.688,3257550.25
1488,-695.552,5844.448,3264583.5
1489,-1247.451,5362.549,3860257.5
1490,-890.232,5394.768,3021074.0
1491,-1030.612,5124.388,2649908.25
1492,-1199.25,4960.75,3924684.0
1493,-34.563,2305.437,779680.5
1494,-1133.652,5796.348,3337569.5
1495,-1194.269,5750.731,4628894.5
1496,-1577.813,6757.187,6104215.0
1497,-1006.272,5408.728,3896155.0
1498,-352.156,3737.844,1871874.375
1499,-933.6,5991.4,4135822.0
1500,-1289.442,5600.558,4287442.5
1501,-797.269,5572.731,3535327.75
1502,-952.93,5647.07,3471452.25
1503,-1165.909,4849.091,3801806.75
1504,-870.586,6124.414,4241955.5
1505,-836.348,5398.652,3526334.5
1506,-430.078,5269.922,2757752.0
1507,-1093.343,5181.657,3628149.5
1508,-808.638,5691.362,3772770.0
1509,-696.087,5173.913,3297115.0
1510,-1009.181,5930.819,4389755.0
1511,-872.946,5417.054,2744335.5
1512,-650.106,5479.894,2968935.0
1513,-1648.028,6111.972,5277504.0
1514,-888.407,5586.593,3955333.25
1515,-1341.162,5978.838,4502578.0
1516,-1241.885,5063.115,3945251.0
1517,-757.223,5972.777,3696361.25
1518,-1143.693,6096.307,5158266.0
1519,-884.23,5440.77,3533621.0
1520,-1182.419,5257.581,4182558.75
1521,-1220.185,5679.815,4760727.5
1522,-1139.442,5520.558,3784265.5
1523,-1075.227,5509.773,4062763.0
1524,-992.566,5167.434,3376004.0
1525,-813.663,6241.337,3726240.25
1526,-970.599,4669.401,2828226.25
1527,-660.882,5034.118,3208860.75
1528,-897.856,6112.144,3930378.75
1529,-898.985,5966.015,3606354.25
1530,-1068.705,5146.295,3298700.25
1531,-501.18,5188.82,2912749.75
1532,-1134.96,5240.04,3963865.25
1533,-517.775,4882.225,2689760.75
1534,-1471.651,6063.349,5670930.0
1535,-941.893,6023.107,3886808.25
1536,-1376.204,5543.796,4178805.75
1537,-683.018,5601.982,3022893.0
1538,-1074.242,4820.758,3743850.5
1539,-386.701,5553.299,3098000.0
1540,-1365.032,5574.968,4620170.5
1541,-1101.718,5928.282,4217919.0
1542,-564.505,5320.495,2995024.0
1543,-1273.237,5961.763,4840062.0
1544,-1630.81,5949.19,5588249.5
1545,-1267.33,5692.67,4323531.0
1546,-518.842,5091.158,2239903.5
1547,-1471.201,5288.799,3969207.5
1548,-870.045,5589.955,3067331.5
1549,-739.405,5270.595,2916920.5
1550,-922.227,5977.773,4092528.5
1551,-614.752,5570.248,3360321.5
1552,-635.159,5324.841,3258271.5
1553,-1024.26,5190.74,3424518.75
1554,-1212.818,5527.182,4092395.5
1555,-432.795,3492.205,1500945.875
1556,-1435.264,5904.736,4887775.5
1557,-1806.976,5963.024,5426215.0
1558,-811.695,4848.305,2761971.0
1559,-839.863,6055.137,4042363.75
1560,-472.738,6337.262,4026084.75
1561,-594.358,5620.642,3505468.25
1562,-1011.95,5288.05,3414183.5
1563,-847.83,5752.17,3920760.5
1564,-800.407,5949.593,3939804.5
1565,-802.802,5487.198,3028966.25
1566,-132.333,2602.667,994391.6875
1567,-1120.23,5769.77,4098944.75
1568,-1118.823,5776.177,4426399.5
1569,-1129.265,5915.735,4263094.0
1570,-1293.9,6036.1,4776883.0
1571,-823.086,5061.914,3159840.75
1572,-890.604,5794.396,3690456.5
1573,-1116.815,5783.185,4241968.0
1574,-858.521,4686.479,2544433.0
1575,-1063.582,4941.418,3548480.5
1576,-948.04,6221.96,3642799.75
1577,-1055.786,5524.214,3965960.5
1578,-1339.154,5885.846,5003661.5
1579,-874.443,5450.557,3275892.25
1580,-803.174,6126.826,4462335.5
1581,-896.686,5933.314,3971663.75
1582,-703.338,5376.662,3384083.5
1583,-1441.443,5718.557,5082192.0
1584,-1397.079,5767.921,4366731.0
1585,-1211.061,5633.939,3631052.75
1586,-768.591,5661.409,3727871.5
1587,-1474.944,6085.056,4999824.5
1588,-696.805,5738.195,3544037.0
1589,-637.934,5827.066,3334934.0
1590,-889.425,5120.575,2953069.0
1591,-653.907,5016.093,2879628.75
1592,-1443.101,5961.899,4511878.5
1593,-1119.03,5915.97,4019547.0
1594,-772.284,5992.716,3660032.0
1595,-591.74,5423.26,2794299.75
1596,-487.757,4112.243,2302509.75
1597,-623.0,5232.0,3029650.0
1598,-989.211,6145.789,4518196.0
1599,-724.725,5590.275,3208699.25
1600,-632.21,5882.79,2976721.75
1601,-742.729,6077.271,3769032.0
1602,-1290.137,6019.863,3933290.75
1603,-912.869,5367.131,2862396.75
1604,-1171.566,6188.434,4528024.5
1605,-703.28,5806.72,3544082.0
1606,-619.856,5535.144,3358086.5
1607,-302.626,6052.374,3318597.75
1608,-959.374,5960.626,4238599.5
1609,-776.952,5663.048,3745201.25
1610,-946.049,5788.951,3832248.0
1611,-1033.543,5761.457,3815620.0
1612,-1197.319,5977.681,4009728.5
1613,-808.136,4716.864,2985882.25
1614,-968.535,5511.465,4231683.0
1615,-524.807,5950.193,3518493.0
1616,-819.359,6215.641,3880812.25
1617,-847.295,5647.705,3398308.75
1618,-584.755,6110.245,3536421.5
1619,-793.421,6076.579,3743591.25
1620,-652.722,5992.278,3867656.5
1621,-1044.87,5280.13,3451559.25
1622,-717.259,5437.741,3208559.0
1623,-1275.199,5569.801,3753643.5
1624,-977.985,4787.015,2919406.5
1625,-661.087,6008.913,3939271.75
1626,-607.665,5432.335,3185017.75
1627,-947.454,5087.546,3165896.5
1628,-840.179,5684.821,3525739.0
1629,-1169.481,5465.519,3753876.25
1630,-1175.365,5659.635,3960724.0
1631,-1357.709,5737.291,3833010.75
1632,-1427.814,6077.186,5658343.5
1633,-888.256,5166.744,3735023.0
1634,-818.895,5146.105,2687351.5
1635,-994.949,5165.051,3440192.75
1636,-917.183,6127.817,3970053.5
1637,-844.641,5375.359,3018686.25
1638,-1521.165,5268.835,4936471.5
1639,-1102.936,6032.064,4673643.5
1640,-1364.892,6275.108,5024475.5
1641,-750.534,5774.466,3961123.75
1642,-1282.914,6142.086,5273704.0
1643,-1155.729,4744.271,3874868.25
1644,-615.517,5989.483,3412369.25
1645,-631.772,5383.228,3359134.75
1646,-1888.921,6626.079,5895254.5
1647,-947.639,5347.361,3239137.0
1648,-648.251,5126.749,2785984.75
1649,-780.356,6144.644,3513299.0
1650,-820.447,5524.553,3878388.5
1651,-723.649,5641.351,3603510.5
1652,-826.662,5288.338,3075140.0
1653,-557.08,5617.92,2999695.5
1654,-959.253,5710.747,3885489.25
1655,-338.162,5751.838,2839002.75
1656,-1333.558,6646.442,5074270.5
1657,-637.523,5627.477,3691429.25
1658,-796.688,5603.312,3380705.0
1659,-831.464,5378.536,3216530.75
1660,-1075.315,5779.685,3766293.0
1661,-730.795,5854.205,3758734.25
1662,-587.695,5257.305,2832235.0
1663,-914.881,6350.119,4561291.5
1664,-792.304,5042.696,2912874.5
1665,-962.69,5042.31,2943947.0
1666,-1188.791,6216.209,4308446.0
1667,-648.182,5211.818,2666316.25
1668,-1136.65,4853.35,3357636.25
1669,-836.589,5468.411,3046773.5
1670,-1207.001,5257.999,4017549.0
1671,-881.251,5843.749,3925406.75
1672,-1085.585,4849.415,3313652.75
1673,-951.994,5753.006,3833781.25
1674,-813.352,5016.648,2895353.75
1675,-729.393,5735.607,4052392.0
1676,-718.773,5301.227,2941926.75
1677,-1377.716,5257.284,4022386.25
1678,-1118.818,5706.182,3947859.5
1679,-1286.495,5393.505,4103534.75
1680,-791.022,5608.978,3669818.25
1681,-849.049,6065.951,3463206.25
1682,-1048.262,5846.738,3462199.5
1683,-923.691,5306.309,3722650.5
1684,-1053.531,5706.469,3926650.75
1685,-645.702,4929.298,2825257.25
1686,-643.581,5986.419,3638956.25
1687,-1273.301,5216.699,3810683.5
1688,-687.129,5627.871,3510434.75
1689,-1121.641,5493.359,3557414.25
1690,-1439.567,5725.433,5066822.5
1691,-761.671,5193.329,3064533.0
1692,-1441.439,6003.561,4433102.0
1693,-737.261,5602.739,3366320.0
1694,-337.745,2722.255,1230307.75
1695,-939.657,6205.343,4157989.25
1696,-642.159,5317.841,3159388.25
1697,-688.544,6111.456,3457649.25
1698,-1321.269,6038.731,5000084.0
1699,-457.058,5467.942,2930562.0
1700,-1297.153,5792.847,4026627.75
1701,-720.74,6339.26,3630773.5
1702,-643.701,5841.299,3442011.5
1703,-871.13,5283.87,3062583.5
1704,-1581.993,5798.007,5378232.0
1705,-518.002,5691.998,2828489.0
1706,-1003.772,5241.228,3654523.25
1707,-552.434,4942.566,2497997.5
1708,-623.208,5311.792,2764036.5
1709,-749.63,5465.37,3381572.0
1710,-1084.836,6310.164,4312383.5
1711,-729.88,5155.12,2671731.5
1712,-990.981,5244.019,2921135.0
1713,-1342.664,5737.336,4282776.5
1714,-879.316,6840.684,4836139.5
1715,-918.85,5581.15,4040702.0
1716,-1035.047,5539.953,3705141.25
1717,-1272.461,5857.539,4174511.75
1718,-334.673,5975.327,3260347.75
1719,-907.605,5182.395,3146208.75
1720,-1273.669,5856.331,5289496.5
1721,-916.79,5708.21,3960312.5
1722,-491.69,5983.31,3394563.25
1723,-1160.618,5559.382,4272604.0
1724,-1185.94,6229.06,4712705.5
1725,-1331.054,6173.946,4490531.0
1726,-1013.762,6376.238,4490330.0
1727,-1213.732,5346.268,4002360.75
1728,-895.552,5004.448,3293657.75
1729,-1015.418,5914.582,4106771.5
1730,-700.056,5934.944,3461284.0
1731,-1345.59,5524.41,4394197.5
1732,-809.271,6025.729,4139912.0
1733,-1081.601,5768.399,3765232.25
1734,-860.663,5209.337,3137545.75
1735,-785.123,5709.877,3435963.75
1736,-608.949,5586.051,3264166.0
1737,-1025.12,5499.88,3528322.75
1738,-885.852,5454.148,3705290.0
1739,-1017.807,5262.193,3329985.25
1740,-975.551,5524.449,4032386.0
1741,-819.016,5315.984,3119830.5
1742,-936.43,5693.57,3420185.5
1743,-1591.995,5493.005,4448759.5
1744,-1423.408,6301.592,5426598.5
1745,-635.193,5344.807,3174387.75
1746,-832.501,5147.499,3510183.25
1747,-678.245,5961.755,3692664.25
1748,-976.273,4823.727,2765743.5
1749,-834.161,5615.839,2905926.0
1750,-121.293,2633.707,968323.6875
1751,-1066.345,6463.655,5336684.5
1752,-1273.006,5291.994,4154091.5
1753,-1232.705,6032.295,4004497.75
1754,-546.216,5403.784,2517147.0
1755,-556.496,5063.504,2511935.75
1756,-916.22,5413.78,3542462.5
1757,-897.071,5987.929,4404596.5
1758,-1150.978,5199.022,3651801.75
1759,-1279.492,5635.508,4556145.0
1760,-1076.199,6103.801,4175294.0
1761,-975.28,5634.72,3593766.5
1762,-529.969,5075.031,2487662.0
1763,-1299.538,5540.462,4245015.5
1764,-1313.417,5781.583,4640217.0
1765,-1366.425,6093.575,4853216.0
1766,-1042.758,5242.242,3659911.0
1767,-1284.584,5510.416,4233602.5
1768,-636.246,3888.754,2102985.0
1769,-877.53,5677.47,3274488.0
1770,-900.605,5859.395,3815165.75
1771,-979.891,5410.109,4000329.75
1772,-1464.278,6320.722,5381386.5
1773,-1311.607,5048.393,4357026.0
1774,-1158.956,5351.044,3747250.5
1775,-917.797,5687.203,3751361.75
1776,-976.021,6018.979,3727711.5
1777,-1178.602,6246.398,4980703.0
1778,-880.021,5434.979,2926893.0
1779,-1192.59,5647.41,4067845.5
1780,-1030.354,5314.646,3722816.75
1781,-1053.383,5726.617,3301897.5
1782,-411.906,2663.094,1132480.125
1783,-1137.334,5272.666,4217683.0
1784,-817.43,5002.57,3292446.75
1785,-1281.84,5483.16,4285763.0
1786,-1347.768,5617.232,4419014.0
1787,-704.918,5450.082,3548493.75
1788,-1251.614,5138.386,3561338.0
1789,-751.671,6218.329,4258089.0
1790,-1149.286,5325.714,3985490.5
1791,-889.714,4670.286,2816807.75
1792,-735.093,5284.907,3205920.0
1793,-954.253,5095.747,3281043.0
1794,-1194.331,5540.669,4149600.0
1795,-1137.97,5752.03,3942844.5
1796,-1208.412,5926.588,4410196.5
1797,-1154.993,5295.007,3213351.5
1798,-1236.062,5568.938,3613059.25
1799,-900.096,5344.904,2787895.0
1800,-1234.109,6170.891,4546891.0
1801,-945.282,5224.718,2808121.25
1802,-1323.459,5681.541,3752416.25
1803,-1002.776,5702.224,4121393.0
1804,-669.136,5810.864,3318077.25
1805,-1424.026,5240.974,3834663.0
1806,-484.485,5705.515,3046442.0
1807,-1410.463,5104.537,3958683.25
1808,-935.903,5214.097,3810192.25
1809,-1188.449,5556.551,4171930.5
1810,-1015.198,5809.802,3861302.0
1811,-745.854,5269.146,2998373.5
1812,-628.208,5406.792,3267942.0
1813,-958.437,5436.563,3520918.0
1814,-1500.726,5529.274,3972675.25
1815,-1131.466,5603.534,4001623.5
1816,-637.497,6037.503,3619286.25
1817,-972.209,5562.791,3097745.75
1818,-591.223,5298.777,3095101.25
1819,-1173.036,5566.964,3537672.0
1820,-809.769,5470.231,3031372.75
1821,-905.294,5404.706,2997723.25
1822,-1315.4,5349.6,4193465.75
1823,-808.369,5416.631,2973543.5
1824,-1555.787,5934.213,5607751.5
1825,-941.154,5868.846,3644964.75
1826,-1090.469,5224.531,3379574.25
1827,-1014.56,5620.44,3402999.75
1828,-748.405,5571.595,3143760.75
1829,-985.069,6099.931,3289292.75
1830,-1121.557,5178.443,3739464.5
1831,-1340.508,5079.492,3433878.25
1832,-625.067,5124.933,2462725.0
1833,-1262.967,5497.033,4430992.0
1834,-796.777,5198.223,2647252.75
1835,-830.199,6014.801,3577014.5
1836,-687.154,4787.846,2605770.5
1837,-1011.316,5633.684,3907326.5
1838,-865.635,5824.365,3259520.0
1839,-1750.416,6544.584,5110777.0
1840,-598.572,5176.428,2817249.75
1841,-942.304,5677.696,3249848.25
1842,-816.185,5523.815,2947004.75
1843,-903.989,4566.011,2234621.5
1844,-970.577,4984.423,3095093.75
1845,-1088.378,5686.622,3370191.75
1846,-1019.754,5205.246,3174837.0
1847,-1372.812,6257.188,4439221.5
1848,-1162.364,6572.636,5519635.5
1849,-707.884,5917.116,3585013.75
1850,-762.139,5252.861,2814585.25
1851,-522.507,5342.493,2924908.25
1852,-1005.909,6119.091,3660466.5
1853,-904.819,4985.181,2701874.25
1854,-1438.019,5376.981,3859932.5
1855,-1325.347,5434.653,3677082.25
1856,-1153.009,5961.991,3678438.25
1857,-896.571,6148.429,3762582.5
1858,-676.195,5838.805,3579535.0
1859,-1108.89,5526.11,3370932.0
1860,-793.915,5826.085,3607850.0
1861,-734.37,5885.63,3293971.75
1862,-988.918,5916.082,4078853.5
1863,-842.892,5662.108,3497040.5
1864,-1122.738,4677.262,3066303.5
1865,-888.522,5901.478,3326732.75
1866,-1465.008,5669.992,4887850.0
1867,-799.866,5780.134,3495547.25
1868,-998.537,5956.463,4243703.0
1869,-595.85,6114.15,3589690.0
1870,-1187.793,6737.207,5509131.5
1871,-758.459,5716.541,2884853.25
1872,-1434.18,5390.82,4289588.0
1873,-1130.567,5149.433,3016350.5
1874,-1313.003,5676.997,4045232.5
1875,-840.846,5634.154,3716605.5
1876,-875.548,5869.452,3842620.5
1877,-1287.907,5117.093,2992950.0
1878,-1174.469,5135.531,3775452.5
1879,-1008.091,5616.909,3590742.5
1880,-444.175,5120.825,2488423.25
1881,-853.361,6231.639,4155000.75
1882,-1358.329,6751.671,5271791.5
1883,-1158.049,5001.951,3606769.5
1884,-777.514,5432.486,3302526.25
1885,-880.001,5539.999,3766796.0
1886,-1144.198,5590.802,3699749.0
1887,-663.275,5001.725,2815471.5
1888,-1247.852,5737.148,3540425.5
1889,-1477.917,5272.083,3627604.5
1890,-1334.059,5345.941,4122418.0
1891,-1134.213,5240.787,3621216.75
1892,-629.858,4795.142,2317611.25
1893,-904.409,5425.591,3524222.5
1894,-919.945,5330.055,3171252.75
1895,-984.99,5970.01,3734043.5
1896,-1150.079,6324.921,3953268.0
1897,-687.228,5777.772,3312545.25
1898,-1112.127,4987.873,3859089.25
1899,-1196.894,5663.106,3387577.0
1900,-901.628,5828.372,3490948.5
1901,-1253.688,6081.312,4756405.0
1902,-908.301,5281.699,2874907.25
1903,-325.5,2124.5,695756.5
1904,-770.138,5824.862,3531025.5
1905,-997.883,5012.117,2711681.0
1906,-1611.752,5333.248,3434232.25
1907,-981.883,5478.117,3505311.75
1908,-469.883,3110.117,1499000.625
1909,-737.838,5977.162,3240075.5
1910,-1087.458,6002.542,4415654.5
1911,-941.902,5198.098,3481421.75
1912,-834.365,5030.635,3077641.5
1913,-821.495,6048.505,3726905.25
1914,-569.403,3995.597,2228625.5
1915,-1184.227,5110.773,3532892.75
1916,-742.96,5437.04,2940638.5
1917,-894.48,5905.52,3674403.25
1918,-734.916,5930.084,4272825.0
1919,-787.002,5567.998,3220417.25
1920,-1108.863,5451.137,3337848.5
1921,-524.906,5600.094,2891369.25
1922,-1002.515,5967.485,3327690.0
1923,-934.705,5360.295,3221664.75
1924,-1357.583,5417.417,3624532.75
1925,-1064.784,5665.216,3189978.5
1926,-467.761,4872.239,2558559.75
1927,-1084.286,5450.714,3353788.25
1928,-1256.016,5658.984,3674334.75
1929,-886.912,5343.088,3124911.25
1930,-904.648,5740.352,3934442.75
1931,-558.83,5721.17,2738065.5
1932,-1055.089,4894.911,2671860.75
1933,-1229.017,5835.983,3807487.0
1934,-728.099,5511.901,3115485.25
1935,-1123.639,4886.361,3467851.25
1936,-972.636,5527.364,3322911.0
1937,-1038.045,5466.955,3391253.75
1938,-765.875,5314.125,3066849.0
1939,-834.213,4465.787,2841466.5
1940,-802.254,5957.746,3553017.0
1941,-791.506,5343.494,2655355.25
1942,-844.644,5705.356,3617489.0
1943,-825.44,5709.56,3425098.75
1944,-752.213,5482.787,2827608.5
1945,-1186.698,5303.302,3368327.5
1946,-805.364,5869.636,4115027.75
1947,-641.684,4918.316,2570312.5
1948,-1255.87,5619.13,3979076.0
1949,-605.805,5979.195,3362754.0
1950,-982.077,5822.923,4170145.75
1951,-926.633,5523.367,3728051.75
1952,-731.122,5573.878,3073594.75
1953,-1289.464,5105.536,3455193.75
1954,-555.759,5449.241,2893103.25
1955,-1249.813,5925.187,3871967.75
1956,-1307.426,6217.574,4675931.5
1957,-582.815,6092.185,3848867.0
1958,-503.093,5131.907,2144936.25
1959,-850.595,6274.405,3807513.0
1960,-1599.795,5510.205,4594714.5
1961,-992.842,6217.158,4614945.0
1962,-694.997,5390.003,3262626.25
1963,-962.56,6007.44,4154664.5
1964,-953.171,6006.829,4062693.75
1965,-870.213,6124.787,3929459.75
1966,-892.304,5392.696,3207121.0
1967,-625.77,5679.23,3005022.5
1968,-662.769,5387.231,3258492.5
1969,-924.61,5830.39,3443393.75
1970,-1606.889,5808.111,5364803.0
1971,-1022.719,5812.281,3988057.75
1972,-1191.625,6213.375,4278029.5
1973,-757.916,5532.084,2712405.5
1974,-1101.968,6243.032,3786544.5
1975,-1011.763,5328.237,3394780.75
1976,-1155.344,6524.656,4834395.0
1977,-713.2,5271.8,2606682.0
1978,-661.659,4643.341,2233744.25
1979,-694.535,4190.465,2227860.25
1980,-1094.536,6025.464,3897590.0
1981,-968.029,5466.971,3014657.75
1982,-567.187,4947.813,2713067.75
1983,-468.879,5226.121,2537564.75
1984,-670.893,5494.107,2606974.5
1985,-592.078,5462.922,2794171.5
1986,-987.029,5872.971,3785542.0
1987,-1214.444,5345.556,4025997.25
1988,-1228.23,4716.77,2772166.25
1989,-986.493,5943.507,3868586.5
1990,-831.257,5493.743,3267326.5
1991,-905.82,5444.18,3147415.0
1992,-1076.544,5048.456,2828637.75
1993,-623.293,5511.707,2876478.25
1994,-942.337,5787.663,2772558.25
1995,-1303.185,5316.815,3452681.5
1996,-1173.71,4751.29,3315820.75
1997,-890.693,6089.307,3572414.75
1998,-993.318,4851.682,3085571.25
1999,-939.342,5230.658,3153041.75
