step,episode,ep_return,epsilon
74,1,-332.0510,0.9998
182,2,-810.2710,0.9994
305,3,-624.5830,0.9990
357,4,-85.0490,0.9989
441,5,66.3980,0.9986
556,6,-57.2790,0.9982
605,7,-108.7180,0.9981
687,8,-346.3690,0.9978
738,9,-174.0200,0.9977
791,10,-165.9570,0.9975
851,11,-257.4370,0.9973
931,12,-558.3840,0.9971
1016,13,-129.4750,0.9968
1145,14,-750.4400,0.9964
1215,15,-426.4580,0.9962
1273,16,-113.5740,0.9960
1344,17,-343.5630,0.9957
1425,18,-22.2730,0.9955
1522,19,9.1450,0.9952
1611,20,-221.1070,0.9949
1682,21,-484.2940,0.9947
1753,22,-398.6340,0.9945
1862,23,-207.9760,0.9941
1940,24,-506.5010,0.9939
2004,25,-518.4900,0.9937
2066,26,-162.4580,0.9935
2138,27,-222.1880,0.9932
2209,28,-193.8830,0.9930
2282,29,-161.5740,0.9928
2351,30,-19.7920,0.9926
2479,31,-87.5860,0.9922
2563,32,-249.7290,0.9919
2627,33,-437.6020,0.9917
2702,34,-309.8750,0.9914
2768,35,-204.7090,0.9912
2863,36,-168.3540,0.9909
2943,37,-308.8680,0.9907
2998,38,-509.4900,0.9905
3108,39,201.7290,0.9902
3168,40,-310.3900,0.9900
3228,41,-70.9180,0.9898
3325,42,31.5480,0.9895
3449,43,65.4320,0.9891
3536,44,-297.2080,0.9888
3635,45,-57.7300,0.9885
3702,46,-304.5210,0.9883
3762,47,-129.9920,0.9881
3847,48,-246.7240,0.9878
3916,49,-221.9820,0.9876
3972,50,-115.4280,0.9874
4036,51,-142.3980,0.9872
4109,52,32.3220,0.9870
4198,53,205.5860,0.9867
4294,54,-564.8130,0.9864
4361,55,-449.2250,0.9862
4418,56,-70.4440,0.9860
4485,57,-98.9210,0.9858
4585,58,86.6050,0.9855
4635,59,-274.3060,0.9853
4743,60,-509.7020,0.9850
4804,61,-406.0580,0.9848
4852,62,-393.7500,0.9846
4912,63,-338.6080,0.9844
4976,64,-157.6940,0.9842
5057,65,-311.7110,0.9840
5106,66,-295.1650,0.9838
5171,67,-4.4320,0.9836
5219,68,-120.6340,0.9835
5298,69,-544.7440,0.9832
5378,70,-19.8040,0.9830
5440,71,-293.8610,0.9828
5523,72,-191.1100,0.9825
5614,73,-292.5730,0.9822
5683,74,-175.5970,0.9820
5757,75,-80.8500,0.9818
5823,76,-611.1560,0.9816
5900,77,-458.1100,0.9813
5943,78,-233.5150,0.9812
6023,79,-200.4610,0.9809
6104,80,-168.7900,0.9807
6161,81,-200.8630,0.9805
6269,82,-360.4070,0.9802
6332,83,-308.4950,0.9800
6419,84,-128.4420,0.9797
6526,85,208.4690,0.9793
6614,86,-184.6450,0.9791
6692,87,-151.6550,0.9788
6800,88,-19.0300,0.9785
6899,89,-97.8620,0.9782
6987,90,-280.7590,0.9779
7111,91,-111.9210,0.9775
7189,92,-7.0310,0.9772
7264,93,-492.1440,0.9770
7347,94,-114.6630,0.9767
7447,95,-9.9330,0.9764
7500,96,-263.1400,0.9763
7582,97,-327.1060,0.9760
7668,98,9.8170,0.9757
7723,99,-424.0940,0.9755
7796,100,-335.7940,0.9753
7885,101,-70.9540,0.9750
7947,102,-625.3350,0.9748
8047,103,-357.8420,0.9745
8113,104,-197.2700,0.9743
8186,105,-88.5200,0.9741
8251,106,-151.7770,0.9739
8330,107,-245.8700,0.9736
8411,108,63.5980,0.9734
8482,109,-208.1980,0.9731
8558,110,-26.7620,0.9729
8638,111,-87.7750,0.9726
8686,112,-346.1790,0.9725
8821,113,81.1750,0.9721
8913,114,173.2520,0.9718
9023,115,93.7070,0.9714
9103,116,-188.8650,0.9712
9171,117,-217.9010,0.9710
9246,118,-32.6510,0.9707
9332,119,-125.1000,0.9705
9386,120,-217.8030,0.9703
9438,121,-242.0330,0.9701
9493,122,-222.6570,0.9699
9571,123,-289.7950,0.9697
9637,124,-111.2180,0.9695
9715,125,-421.0950,0.9692
9791,126,-89.4470,0.9690
9892,127,-127.2930,0.9687
9970,128,43.5570,0.9684
10034,129,-292.3780,0.9682
10111,130,-204.2830,0.9680
10190,131,-160.7200,0.9677
10237,132,-186.1480,0.9676
10340,133,-31.6760,0.9673
10389,134,-244.1920,0.9671
10466,135,-435.3340,0.9669
10538,136,-456.8400,0.9666
10618,137,-175.3300,0.9664
10682,138,-202.6420,0.9662
10770,139,-681.7840,0.9659
10836,140,-395.2300,0.9657
10914,141,-349.2830,0.9654
11004,142,147.5800,0.9652
11057,143,-210.7590,0.9650
11134,144,-410.4600,0.9647
11196,145,-86.4870,0.9645
11260,146,-78.0490,0.9643
11361,147,-68.9990,0.9640
11443,148,-216.0190,0.9638
11518,149,-45.0490,0.9635
11610,150,-13.5780,0.9632
11689,151,-69.8630,0.9630
11741,152,-274.1610,0.9628
11821,153,-701.4140,0.9626
11896,154,-302.7320,0.9623
11980,155,-91.8970,0.9621
12058,156,-74.6510,0.9618
12119,157,-261.0650,0.9616
12204,158,-230.6090,0.9614
12305,159,105.5830,0.9610
12372,160,-91.2910,0.9608
12441,161,-69.4490,0.9606
12505,162,-248.1960,0.9604
12609,163,-126.7020,0.9601
12664,164,-316.1180,0.9599
12726,165,-3.3600,0.9597
12823,166,-145.6610,0.9594
12899,167,-669.9320,0.9592
12960,168,-420.2970,0.9590
13037,169,-317.4820,0.9587
13094,170,-341.9670,0.9585
13160,171,-265.6600,0.9583
13260,172,60.2930,0.9580
13332,173,-52.6730,0.9578
13432,174,-114.8640,0.9575
13529,175,25.6930,0.9572
13624,176,-886.0320,0.9569
13714,177,-251.3280,0.9566
13802,178,-721.2750,0.9563
13899,179,-275.5730,0.9560
13975,180,-201.2980,0.9557
14050,181,-265.0020,0.9555
14116,182,-264.7610,0.9553
14184,183,-644.4390,0.9551
14258,184,-276.7240,0.9549
14341,185,-43.5030,0.9546
14397,186,-391.9050,0.9544
14464,187,-10.1530,0.9542
14543,188,-344.8410,0.9540
14618,189,-504.5570,0.9537
14677,190,-225.8850,0.9535
14740,191,34.1470,0.9533
14823,192,-144.1180,0.9531
14903,193,-467.8570,0.9528
14962,194,-190.7050,0.9526
15021,195,-191.5290,0.9524
15112,196,11.8020,0.9521
15185,197,25.8820,0.9519
15255,198,-311.1150,0.9517
15332,199,-98.8830,0.9515
15400,200,-403.6620,0.9512
15480,201,1.8650,0.9510
15572,202,0.9370,0.9507
15656,203,126.8150,0.9504
15749,204,-19.9390,0.9501
15827,205,-173.5690,0.9499
15919,206,-512.2980,0.9496
16004,207,-92.1660,0.9493
16057,208,-198.3610,0.9492
16166,209,-45.1650,0.9488
16242,210,-243.4540,0.9486
16303,211,-110.3580,0.9484
16390,212,-512.7310,0.9481
16452,213,-206.0330,0.9479
16524,214,54.4200,0.9477
16580,215,-211.2020,0.9475
16676,216,-9.9410,0.9472
16757,217,-111.9200,0.9469
16817,218,-220.3090,0.9467
16876,219,-250.7800,0.9466
16947,220,-81.9360,0.9463
17026,221,-314.9640,0.9461
17093,222,-169.0140,0.9459
17171,223,-357.1900,0.9456
17227,224,-190.8260,0.9455
17313,225,20.5220,0.9452
17390,226,-127.1610,0.9449
17462,227,-342.4240,0.9447
17528,228,-176.7520,0.9445
17595,229,-347.0540,0.9443
17669,230,-503.8770,0.9441
17773,231,-178.5880,0.9437
17894,232,-103.5760,0.9433
17970,233,-123.4900,0.9431
18045,234,32.4930,0.9429
18114,235,-333.9050,0.9426
18165,236,-249.7820,0.9425
18213,237,-306.1820,0.9423
18275,238,-361.9950,0.9421
18335,239,-68.4300,0.9419
18401,240,-476.0730,0.9417
18481,241,-42.2560,0.9415
18550,242,-222.0300,0.9413
18634,243,-106.1990,0.9410
18702,244,-276.9490,0.9408
18759,245,-665.5320,0.9406
18833,246,-63.0370,0.9404
18900,247,-617.1230,0.9402
19001,248,-232.3810,0.9398
19082,249,-965.9650,0.9396
19158,250,-64.2060,0.9393
19246,251,-694.3510,0.9391
19335,252,-212.6670,0.9388
19401,253,-1092.0880,0.9386
19472,254,-183.3260,0.9383
19553,255,-174.1960,0.9381
19614,256,-377.1000,0.9379
19689,257,-644.1640,0.9377
19766,258,-117.7660,0.9374
19833,259,-95.9290,0.9372
19917,260,151.8120,0.9369
19988,261,-41.7420,0.9367
20048,262,-429.1300,0.9365
20129,263,-328.8860,0.9363
20198,264,-296.2220,0.9360
20290,265,10.9890,0.9358
20351,266,-306.0270,0.9356
20419,267,-34.2240,0.9353
20470,268,-483.0870,0.9352
20515,269,-98.3790,0.9350
20568,270,-241.0080,0.9349
20642,271,-166.9680,0.9346
20733,272,-147.3530,0.9343
20788,273,-223.1550,0.9342
20939,274,332.7290,0.9337
21022,275,-169.5450,0.9334
21087,276,-148.6250,0.9332
21143,277,-521.7680,0.9331
21215,278,78.5030,0.9328
21264,279,-345.9660,0.9327
21325,280,-111.5040,0.9325
21392,281,-188.9480,0.9323
21462,282,-100.7100,0.9320
21514,283,-134.4380,0.9319
21577,284,-388.3650,0.9317
21633,285,-205.5720,0.9315
21701,286,-85.9990,0.9313
21750,287,-473.9240,0.9311
21811,288,-100.6310,0.9309
21887,289,-38.2320,0.9307
21955,290,0.0820,0.9305
22050,291,-255.4480,0.9302
22127,292,-412.7270,0.9299
22194,293,-377.9550,0.9297
22266,294,-298.9550,0.9295
22316,295,-269.7400,0.9293
22382,296,-188.9760,0.9291
22429,297,-254.8670,0.9290
22498,298,-111.6880,0.9288
22563,299,-637.5510,0.9286
22616,300,-399.5060,0.9284
22689,301,83.9580,0.9282
22747,302,-533.0910,0.9280
22802,303,-301.7400,0.9278
22875,304,-67.7580,0.9276
22937,305,54.2080,0.9274
23036,306,-295.0440,0.9271
23113,307,26.6140,0.9268
23216,308,-420.7000,0.9265
23285,309,-11.2860,0.9263
23342,310,-190.1120,0.9261
23412,311,-206.4930,0.9259
23461,312,-86.0820,0.9257
23551,313,-393.0790,0.9254
23608,314,-244.5960,0.9252
23721,315,-153.3800,0.9249
23782,316,-212.8650,0.9247
23850,317,-251.4130,0.9245
23920,318,-2.8350,0.9243
23996,319,-26.2030,0.9240
24059,320,-160.7620,0.9238
24122,321,-411.1030,0.9236
24185,322,-732.0810,0.9234
24271,323,-494.3640,0.9231
24333,324,-86.7800,0.9229
24415,325,-581.3750,0.9227
24483,326,-770.9590,0.9225
24560,327,-1298.5990,0.9222
24635,328,62.6250,0.9220
24729,329,-150.7020,0.9217
24798,330,-536.7950,0.9215
24884,331,-444.1010,0.9212
24967,332,-389.1790,0.9209
25039,333,-470.1960,0.9207
25099,334,-579.9160,0.9205
25181,335,-257.2590,0.9203
25247,336,-212.9340,0.9201
25359,337,130.6410,0.9197
25434,338,-147.5470,0.9195
25517,339,-213.2140,0.9192
25588,340,-273.1370,0.9190
25703,341,-130.0220,0.9186
25773,342,-184.5950,0.9184
25833,343,-264.2950,0.9182
25896,344,-126.1470,0.9180
25989,345,-56.1100,0.9177
26071,346,-3.3640,0.9174
26130,347,-522.4310,0.9173
26196,348,-452.0900,0.9170
26276,349,-131.3000,0.9168
26354,350,-335.9560,0.9165
26439,351,-121.5010,0.9163
26483,352,-485.3280,0.9161
26543,353,-252.3800,0.9160
26620,354,-106.7910,0.9157
26704,355,-199.8090,0.9154
26764,356,-41.7780,0.9153
26823,357,-472.4590,0.9151
26876,358,-293.9190,0.9149
26953,359,-268.8150,0.9147
27017,360,5.9390,0.9144
27080,361,-271.8660,0.9142
27140,362,-484.1160,0.9141
27226,363,-389.8500,0.9138
27313,364,-400.6820,0.9135
27375,365,-231.9370,0.9133
27448,366,-445.3350,0.9131
27509,367,-324.0020,0.9129
27576,368,-9.8100,0.9127
27644,369,-168.2610,0.9125
27711,370,-166.4110,0.9123
27815,371,150.3870,0.9119
27875,372,-300.3340,0.9117
27943,373,-68.8920,0.9115
28035,374,-232.7600,0.9112
28108,375,-126.3960,0.9110
28193,376,-500.6130,0.9107
28268,377,-242.9340,0.9105
28341,378,-122.5540,0.9103
28419,379,-420.9420,0.9100
28495,380,-276.4720,0.9098
28574,381,-374.5430,0.9095
28642,382,-308.7940,0.9093
28697,383,-129.3790,0.9091
28759,384,-698.6210,0.9089
28838,385,-160.3940,0.9087
28968,386,196.8290,0.9083
29045,387,-468.8070,0.9080
29116,388,-467.6520,0.9078
29185,389,-145.5600,0.9076
29242,390,-431.2640,0.9074
29311,391,-123.7790,0.9072
29388,392,-550.1570,0.9069
29484,393,-160.8140,0.9066
29552,394,-321.9520,0.9064
29622,395,-636.0550,0.9062
29676,396,-202.2210,0.9060
29782,397,75.2550,0.9057
29842,398,-362.6350,0.9055
29922,399,-373.8650,0.9053
29983,400,-238.6350,0.9051
30053,401,-274.8670,0.9048
30106,402,-405.2480,0.9047
30159,403,-411.7820,0.9045
30207,404,-264.4980,0.9043
30284,405,-223.8910,0.9041
30347,406,-131.1470,0.9039
30435,407,-135.8810,0.9036
30533,408,7.5640,0.9033
30609,409,2.3590,0.9031
30692,410,-180.9730,0.9028
30747,411,-567.8220,0.9026
30833,412,64.1200,0.9024
30895,413,-418.5920,0.9022
30968,414,-192.9920,0.9019
31050,415,36.5100,0.9017
31121,416,-119.3780,0.9015
31186,417,-201.1650,0.9012
31254,418,-24.9960,0.9010
31327,419,-122.2810,0.9008
31421,420,-426.8130,0.9005
31483,421,-265.3980,0.9003
31581,422,-395.8870,0.9000
31661,423,-64.2270,0.8997
31719,424,-320.4040,0.8996
31790,425,153.6930,0.8993
31904,426,35.1210,0.8990
31980,427,66.7320,0.8987
32074,428,-337.2010,0.8984
32120,429,-249.1340,0.8983
32204,430,-326.2020,0.8980
32290,431,-146.6590,0.8978
32343,432,-161.3750,0.8976
32423,433,-247.3430,0.8973
32510,434,-119.3130,0.8971
32589,435,-231.2340,0.8968
32660,436,-413.2990,0.8966
32726,437,-63.0090,0.8964
32853,438,-490.0540,0.8960
32951,439,-731.2980,0.8957
33027,440,-46.8120,0.8954
33097,441,-277.3650,0.8952
33155,442,-56.2490,0.8950
33233,443,-431.3000,0.8948
33300,444,-233.5360,0.8946
33368,445,-224.0960,0.8943
33430,446,-151.4470,0.8941
33526,447,-158.4070,0.8938
33591,448,-62.5220,0.8936
33680,449,-256.4150,0.8933
33775,450,-139.3650,0.8930
33835,451,-295.1660,0.8929
33911,452,-404.7340,0.8926
33958,453,-340.7980,0.8925
34061,454,-97.1940,0.8921
34130,455,-476.5880,0.8919
34200,456,-157.9060,0.8917
34269,457,-286.9980,0.8915
34340,458,-108.0880,0.8913
34414,459,-251.4260,0.8910
34474,460,-166.8500,0.8908
34554,461,-63.1330,0.8906
34607,462,-130.9490,0.8904
34674,463,-123.7240,0.8902
34752,464,-482.7550,0.8900
34831,465,-415.3190,0.8897
34908,466,-148.3010,0.8895
34998,467,-646.6820,0.8892
35053,468,-315.5420,0.8890
35126,469,-99.7950,0.8888
35196,470,-598.7750,0.8885
35249,471,-108.4660,0.8884
35331,472,-262.2380,0.8881
35393,473,-404.6240,0.8879
35470,474,-553.4420,0.8877
35540,475,-412.2960,0.8875
35629,476,-390.5260,0.8872
35701,477,-283.2090,0.8870
35786,478,-514.5170,0.8867
35832,479,-68.7830,0.8865
35918,480,-259.6580,0.8863
35994,481,98.7280,0.8860
36052,482,-302.1750,0.8858
36116,483,-226.8140,0.8856
36190,484,78.5050,0.8854
36267,485,-57.4430,0.8852
36338,486,-120.4600,0.8849
36400,487,-326.3550,0.8847
36507,488,-232.5110,0.8844
36580,489,-865.1570,0.8842
36647,490,-176.1790,0.8840
36736,491,-47.9030,0.8837
36798,492,-270.7760,0.8835
36852,493,-76.0920,0.8833
36929,494,-283.2670,0.8831
37002,495,-863.3680,0.8828
37075,496,-1070.9020,0.8826
37160,497,-334.4570,0.8823
37238,498,77.4190,0.8821
37321,499,-388.4990,0.8818
37424,500,-129.9450,0.8815
37488,501,-98.3610,0.8813
37572,502,-205.3900,0.8810
37659,503,-202.6770,0.8807
37776,504,-401.7760,0.8804
37839,505,-168.5550,0.8802
37955,506,-55.8230,0.8798
37998,507,-144.0500,0.8797
38068,508,-569.7330,0.8795
38137,509,-568.5890,0.8792
38214,510,-208.6570,0.8790
38285,511,-641.2940,0.8788
38374,512,-32.7680,0.8785
38456,513,-32.8350,0.8782
38535,514,-689.2140,0.8780
38607,515,-424.5450,0.8777
38676,516,-502.9290,0.8775
38746,517,3.6270,0.8773
38821,518,-12.2600,0.8771
38897,519,-338.7610,0.8768
38963,520,-506.4640,0.8766
39073,521,302.0720,0.8763
39135,522,-110.5200,0.8761
39193,523,-96.9080,0.8759
39259,524,-88.3590,0.8757
39326,525,-386.1470,0.8755
39422,526,46.5650,0.8752
39478,527,-314.8310,0.8750
39541,528,-398.7910,0.8748
39598,529,-271.0690,0.8746
39674,530,2.0320,0.8744
39746,531,-231.8600,0.8741
39824,532,-422.8070,0.8739
39912,533,-12.2340,0.8736
39983,534,-116.8590,0.8734
40043,535,-377.2380,0.8732
40103,536,-66.7230,0.8730
40189,537,-759.8290,0.8727
40265,538,-213.3590,0.8725
40344,539,-326.2590,0.8722
40394,540,-392.7380,0.8721
40440,541,-23.6820,0.8719
40486,542,-269.7200,0.8718
40560,543,-373.1760,0.8716
40612,544,-525.2080,0.8714
40679,545,-52.2230,0.8712
40747,546,-86.0880,0.8710
40814,547,-305.3280,0.8708
40880,548,-354.4440,0.8705
40972,549,-204.2040,0.8703
41059,550,-35.4720,0.8700
41119,551,-250.2760,0.8698
41237,552,-274.2260,0.8694
41303,553,-624.1340,0.8692
41353,554,-410.6050,0.8691
41411,555,-398.0360,0.8689
41477,556,-59.8160,0.8687
41556,557,-456.3540,0.8684
41677,558,51.3300,0.8680
41736,559,-559.6230,0.8678
41813,560,-434.8110,0.8676
41871,561,-192.5600,0.8674
41944,562,-256.1300,0.8672
42019,563,-23.7890,0.8669
42064,564,-249.7540,0.8668
42135,565,-391.7370,0.8666
42220,566,-386.0710,0.8663
42279,567,-206.7890,0.8661
42359,568,-289.0490,0.8659
42443,569,81.5530,0.8656
42515,570,-206.5770,0.8654
42589,571,2.5890,0.8651
42651,572,-266.1190,0.8649
42712,573,-173.2370,0.8647
42771,574,-165.8120,0.8646
42858,575,-288.6020,0.8643
42920,576,-10.2600,0.8641
42980,577,-610.2620,0.8639
43038,578,-401.2740,0.8637
43111,579,-297.9810,0.8635
43190,580,-371.1550,0.8632
43246,581,-297.0840,0.8631
43330,582,-45.6530,0.8628
43395,583,-270.7390,0.8626
43455,584,-348.0100,0.8624
43525,585,-211.9650,0.8622
43612,586,-155.1410,0.8619
43690,587,-224.1210,0.8617
43752,588,-446.4540,0.8615
43817,589,-316.4060,0.8612
43893,590,113.1080,0.8610
43978,591,-170.6770,0.8607
44061,592,-673.0800,0.8605
44139,593,-234.1840,0.8602
44208,594,-51.1920,0.8600
44278,595,-116.0260,0.8598
44346,596,-106.3810,0.8596
44427,597,-160.0690,0.8593
44503,598,-185.5540,0.8591
44577,599,17.8050,0.8588
44649,600,-236.6550,0.8586
44748,601,-380.5510,0.8583
44834,602,-100.5590,0.8580
44894,603,-421.8890,0.8578
44961,604,-476.7180,0.8576
45029,605,-98.5910,0.8574
45088,606,-175.3210,0.8572
45160,607,-45.1600,0.8570
45233,608,-161.5430,0.8568
45313,609,-303.6160,0.8565
45384,610,-50.8340,0.8563
45446,611,-232.8130,0.8561
45554,612,-528.9210,0.8557
45649,613,117.0560,0.8554
45726,614,-337.9620,0.8552
45783,615,-147.1360,0.8550
45839,616,-526.5670,0.8548
45900,617,-601.1450,0.8547
45947,618,-242.3210,0.8545
46027,619,-179.5610,0.8543
46112,620,-212.2460,0.8540
46198,621,-9.6480,0.8537
46263,622,-62.8240,0.8535
46343,623,-690.7810,0.8533
46413,624,-176.0670,0.8530
46492,625,123.5630,0.8528
46549,626,-115.7230,0.8526
46603,627,-123.9800,0.8524
46687,628,-426.3890,0.8522
46784,629,-527.3050,0.8519
46880,630,30.6090,0.8515
46957,631,-159.9090,0.8513
47039,632,-39.9630,0.8510
47132,633,-350.8610,0.8508
47229,634,-122.1460,0.8504
47296,635,-491.0340,0.8502
47369,636,-251.2190,0.8500
47439,637,-256.3010,0.8498
47493,638,-219.9860,0.8496
47552,639,-243.8960,0.8494
47627,640,-2.9560,0.8492
47720,641,-89.7290,0.8489
47790,642,-63.6700,0.8487
47856,643,-243.7750,0.8485
47932,644,-173.3380,0.8482
48026,645,-75.1750,0.8479
48101,646,-240.2810,0.8477
48188,647,-153.1120,0.8474
48248,648,-307.0790,0.8472
48342,649,-1027.4150,0.8469
48397,650,-159.3950,0.8467
48482,651,-135.1100,0.8465
48542,652,-382.9330,0.8463
48627,653,-285.4800,0.8460
48689,654,-397.9940,0.8458
48767,655,-499.1890,0.8456
48823,656,-185.0150,0.8454
48864,657,-284.7670,0.8453
48980,658,-402.2590,0.8449
49043,659,-140.0200,0.8447
49089,660,-78.8400,0.8446
49147,661,-547.8500,0.8444
49210,662,-784.7160,0.8442
49287,663,-105.1180,0.8439
49353,664,-445.5560,0.8437
49424,665,-281.8090,0.8435
49531,666,-345.2330,0.8432
49608,667,-356.8430,0.8429
49672,668,-511.7460,0.8427
49742,669,-171.8370,0.8425
49821,670,-543.0320,0.8422
49904,671,-883.5020,0.8420
49989,672,-16.8460,0.8417
50099,673,-161.4560,0.8414
50160,674,-246.3040,0.8412
50248,675,165.5990,0.8409
50305,676,-155.1840,0.8407
50384,677,-196.1360,0.8405
50450,678,-320.8990,0.8402
50524,679,-635.3720,0.8400
50581,680,-243.2930,0.8398
50636,681,-324.2560,0.8397
50741,682,-21.7330,0.8393
50833,683,-184.3890,0.8390
50898,684,-483.1080,0.8388
50993,685,-174.5170,0.8385
51077,686,-33.1650,0.8383
51126,687,-115.5760,0.8381
51194,688,-373.2120,0.8379
51273,689,-649.3660,0.8376
51334,690,-298.8710,0.8374
51420,691,-59.4290,0.8372
51533,692,108.2700,0.8368
51609,693,-281.9920,0.8366
51700,694,-283.3830,0.8363
51745,695,-406.3180,0.8361
51805,696,-117.4270,0.8360
51871,697,-206.5520,0.8357
51934,698,-296.1810,0.8355
51990,699,-309.4890,0.8354
52078,700,-435.9720,0.8351
52149,701,-68.5310,0.8349
52199,702,-312.6540,0.8347
52291,703,-452.6040,0.8344
52355,704,-161.8930,0.8342
52422,705,-241.8680,0.8340
52477,706,-285.2020,0.8338
52559,707,14.6230,0.8336
52617,708,-368.4040,0.8334
52689,709,-256.9480,0.8332
52742,710,-262.1670,0.8330
52829,711,-191.4760,0.8327
52920,712,-118.0030,0.8324
52996,713,-50.2960,0.8322
53076,714,-130.1920,0.8319
53150,715,-248.5130,0.8317
53211,716,-80.3190,0.8315
53300,717,-187.6030,0.8312
53368,718,-237.1080,0.8310
53454,719,-682.2980,0.8307
53518,720,-195.6300,0.8305
53590,721,-398.9950,0.8303
53680,722,-163.9570,0.8300
53769,723,-256.1900,0.8297
53832,724,-177.2450,0.8295
53900,725,54.1430,0.8293
53971,726,-294.4140,0.8291
54021,727,-255.5730,0.8289
54093,728,-46.9610,0.8287
54187,729,-747.9820,0.8284
54243,730,-231.1170,0.8282
54316,731,-265.1560,0.8280
54414,732,-663.0190,0.8277
54507,733,-74.6020,0.8274
54578,734,-122.9780,0.8272
54675,735,-677.3230,0.8269
54765,736,38.5000,0.8266
54839,737,-182.0210,0.8263
54915,738,-194.9060,0.8261
54998,739,-814.8420,0.8258
55057,740,-70.4370,0.8257
55110,741,-283.5360,0.8255
55192,742,-299.0230,0.8252
55257,743,-50.8280,0.8250
55353,744,-212.7510,0.8247
55413,745,-341.7090,0.8245
55476,746,-375.6160,0.8243
55544,747,-218.8010,0.8241
55624,748,-87.5580,0.8239
55700,749,-76.7150,0.8236
55786,750,-248.9920,0.8233
55871,751,-604.3440,0.8231
55996,752,-19.2860,0.8227
56067,753,-16.2160,0.8225
56128,754,-214.6660,0.8223
56211,755,-441.8420,0.8220
56268,756,-112.8030,0.8218
56325,757,-210.8540,0.8216
56406,758,-318.2750,0.8214
56489,759,-133.5880,0.8211
56582,760,-176.7780,0.8208
56671,761,106.6940,0.8205
56739,762,-396.3870,0.8203
56799,763,-255.2440,0.8201
56885,764,-376.8480,0.8199
56959,765,-121.3700,0.8196
57026,766,-191.9010,0.8194
57115,767,-130.8160,0.8191
57191,768,-206.6690,0.8189
57305,769,102.8660,0.8185
57396,770,-845.7600,0.8182
57480,771,-326.6090,0.8180
57555,772,-220.8020,0.8177
57613,773,-271.5120,0.8176
57663,774,-234.7590,0.8174
57722,775,-307.4230,0.8172
57813,776,-587.1130,0.8169
57889,777,101.4110,0.8167
57956,778,-170.6020,0.8165
58033,779,-130.8660,0.8162
58094,780,-156.0350,0.8160
58205,781,-449.9040,0.8157
58288,782,-175.3020,0.8154
58348,783,-277.8770,0.8152
58413,784,-163.5930,0.8150
58516,785,-141.7630,0.8147
58598,786,-181.7500,0.8144
58698,787,-306.4490,0.8141
58788,788,-171.6910,0.8138
58886,789,30.7160,0.8135
58947,790,-315.1290,0.8133
59015,791,-249.5050,0.8131
59094,792,-319.4920,0.8129
59145,793,-124.5590,0.8127
59246,794,-57.9150,0.8124
59324,795,-42.8300,0.8121
59401,796,76.4270,0.8119
59475,797,31.2240,0.8117
59562,798,-375.2960,0.8114
59637,799,-139.3820,0.8112
59742,800,-136.2450,0.8108
59825,801,-202.2840,0.8106
59872,802,-189.6390,0.8104
59953,803,-221.4020,0.8102
60020,804,-477.7910,0.8099
60100,805,-168.6120,0.8097
60187,806,-330.1650,0.8094
60247,807,-376.5260,0.8092
60313,808,-228.5720,0.8090
60395,809,-77.1610,0.8088
60462,810,-298.4390,0.8085
60554,811,-205.6880,0.8082
60653,812,-59.7840,0.8079
60725,813,-229.1090,0.8077
60800,814,-449.1380,0.8075
60885,815,-1213.2480,0.8072
60961,816,-169.2820,0.8070
61049,817,-438.3000,0.8067
61164,818,-66.8280,0.8063
61237,819,-183.4520,0.8061
61316,820,-390.2570,0.8058
61399,821,-330.5960,0.8056
61472,822,-371.4660,0.8053
61564,823,-990.0150,0.8051
61679,824,-710.9170,0.8047
61764,825,150.0710,0.8044
61893,826,-161.6390,0.8040
61979,827,-314.5510,0.8037
62050,828,-49.5480,0.8035
62122,829,-231.4470,0.8033
62163,830,-324.0260,0.8032
62260,831,-293.5440,0.8028
62317,832,-239.5250,0.8027
62413,833,-313.0850,0.8024
62486,834,-138.3460,0.8021
62550,835,-302.5640,0.8019
62626,836,-165.0010,0.8017
62714,837,-272.4400,0.8014
62829,838,-141.7580,0.8010
62912,839,-182.9960,0.8008
62988,840,-361.2100,0.8005
63091,841,-379.6180,0.8002
63159,842,-378.2200,0.8000
63273,843,21.4690,0.7996
63371,844,-483.4780,0.7993
63459,845,-271.3020,0.7990
63522,846,-450.6280,0.7989
63600,847,-114.9920,0.7986
63700,848,-170.1320,0.7983
63778,849,23.9540,0.7980
63877,850,-60.9750,0.7977
63956,851,-62.7280,0.7975
64043,852,-597.6040,0.7972
64130,853,-2.6340,0.7969
64232,854,-1068.3510,0.7966
64328,855,-396.9950,0.7963
64421,856,-299.3930,0.7960
64496,857,-100.7540,0.7958
64567,858,-76.0250,0.7955
64645,859,-119.9500,0.7953
64744,860,-131.3420,0.7950
64816,861,-165.7220,0.7948
64914,862,-70.2110,0.7944
65005,863,-689.8550,0.7942
65081,864,-472.3890,0.7939
65155,865,-265.3490,0.7937
65252,866,-23.7300,0.7934
65317,867,-141.9210,0.7932
65444,868,-719.8050,0.7928
65526,869,-70.2560,0.7925
65597,870,-471.7600,0.7923
65678,871,-107.7860,0.7920
65781,872,-543.9750,0.7917
65900,873,-367.8870,0.7913
65982,874,-313.9800,0.7911
66049,875,-565.3390,0.7908
66127,876,-183.9590,0.7906
66221,877,-388.7880,0.7903
66316,878,-511.8760,0.7900
66375,879,-212.5920,0.7898
66463,880,-345.5830,0.7895
66559,881,-198.5100,0.7892
66656,882,-591.0730,0.7889
66771,883,-230.9490,0.7886
66860,884,-197.1050,0.7883
66953,885,-50.3910,0.7880
67027,886,-564.9170,0.7878
67112,887,-268.9240,0.7875
67212,888,-336.1420,0.7872
67296,889,-490.9990,0.7869
67392,890,-145.2390,0.7866
67481,891,-344.4820,0.7863
67581,892,-4.7140,0.7860
67642,893,-347.7190,0.7858
67697,894,-176.2010,0.7856
67829,895,-80.6230,0.7852
67924,896,-270.8910,0.7849
68019,897,-366.8760,0.7846
68081,898,-233.4120,0.7844
68205,899,-306.5480,0.7840
68331,900,-0.2190,0.7836
68402,901,-573.7900,0.7834
68503,902,-378.5890,0.7831
68591,903,-554.7250,0.7828
68666,904,-291.0310,0.7826
68734,905,-224.3900,0.7823
68792,906,-202.0280,0.7822
68872,907,-349.2180,0.7819
68926,908,-595.6720,0.7817
68997,909,-291.4670,0.7815
69096,910,-359.4920,0.7812
69172,911,-482.0680,0.7810
69241,912,-167.8010,0.7807
69332,913,-505.7810,0.7805
69413,914,-23.5580,0.7802
69481,915,-521.9980,0.7800
69557,916,-174.5180,0.7797
69622,917,-519.6330,0.7795
69707,918,-667.5380,0.7793
69816,919,-67.0230,0.7789
69949,920,-150.0420,0.7785
70003,921,-188.5920,0.7783
70071,922,-72.2930,0.7781
70155,923,-285.2060,0.7778
70217,924,-392.0400,0.7776
70278,925,-423.7260,0.7775
70398,926,-181.1730,0.7771
70453,927,-220.1630,0.7769
70554,928,23.0550,0.7766
70635,929,76.9210,0.7763
70806,930,70.7640,0.7758
70915,931,-272.0330,0.7754
71012,932,-186.9320,0.7751
71096,933,-329.6730,0.7749
71155,934,-376.4020,0.7747
71226,935,-267.5130,0.7745
71308,936,-294.7110,0.7742
71378,937,-239.4350,0.7740
71445,938,-393.0710,0.7738
71514,939,-204.4770,0.7735
71595,940,-445.8430,0.7733
71653,941,-320.7500,0.7731
71756,942,-566.0730,0.7728
71868,943,-199.5030,0.7724
71969,944,-697.8990,0.7721
72049,945,-353.3920,0.7718
72120,946,-661.9890,0.7716
72236,947,-33.4350,0.7713
72319,948,15.1090,0.7710
72422,949,-995.9770,0.7707
72489,950,-376.1740,0.7705
72551,951,-446.4050,0.7703
72656,952,-420.8150,0.7699
72774,953,-470.6300,0.7696
72875,954,-497.9840,0.7692
72975,955,-76.9710,0.7689
73051,956,-198.0460,0.7687
73114,957,-395.9460,0.7685
73170,958,-323.1050,0.7683
73257,959,-390.3120,0.7680
73336,960,-310.8820,0.7678
73440,961,203.2290,0.7674
73512,962,-291.8100,0.7672
73583,963,-226.6180,0.7670
73657,964,-328.5430,0.7668
73742,965,-557.2340,0.7665
73801,966,-407.7240,0.7663
73864,967,-400.6560,0.7661
73918,968,-435.7540,0.7659
73996,969,-301.0050,0.7657
74104,970,-263.3610,0.7653
74195,971,-437.6230,0.7651
74302,972,-346.6580,0.7647
74367,973,-392.1330,0.7645
74502,974,-404.7250,0.7641
74568,975,-309.8700,0.7639
74680,976,-156.0690,0.7635
74775,977,-196.2560,0.7632
74866,978,-360.6110,0.7629
74932,979,-289.1420,0.7627
75015,980,-271.7740,0.7625
75128,981,-391.7230,0.7621
75179,982,-101.1140,0.7619
75231,983,-431.1230,0.7618
75333,984,-504.6160,0.7614
75406,985,-608.6450,0.7612
75507,986,-549.7440,0.7609
75599,987,-304.4730,0.7606
75661,988,-58.8670,0.7604
75749,989,86.3190,0.7601
75821,990,-587.6980,0.7599
75892,991,-287.1340,0.7597
75983,992,-297.9970,0.7594
76076,993,-323.3170,0.7591
76188,994,22.8430,0.7587
76289,995,-557.1510,0.7584
76361,996,-514.4800,0.7582
76432,997,-671.4070,0.7580
76528,998,-428.8940,0.7577
76615,999,-65.2460,0.7574
76766,1000,179.2320,0.7569
76868,1001,-438.0510,0.7566
76943,1002,-426.2040,0.7564
77062,1003,209.6730,0.7560
77176,1004,-826.6860,0.7556
77260,1005,-423.6100,0.7553
77365,1006,-554.5270,0.7550
77435,1007,-432.4730,0.7548
77508,1008,-222.1020,0.7546
77593,1009,-655.0950,0.7543
77687,1010,-340.1840,0.7540
77770,1011,188.7330,0.7537
77867,1012,-840.5630,0.7534
77955,1013,-331.4660,0.7531
78056,1014,-282.2120,0.7528
78131,1015,-439.0900,0.7526
78215,1016,-633.7430,0.7523
78278,1017,-212.7050,0.7521
78386,1018,-530.6560,0.7518
78463,1019,-368.5150,0.7515
78534,1020,-442.0490,0.7513
78635,1021,-374.4540,0.7510
78748,1022,-110.5940,0.7506
78871,1023,-269.3280,0.7502
78955,1024,-132.8470,0.7500
79016,1025,-200.4640,0.7498
79126,1026,-19.8540,0.7494
79239,1027,-236.0840,0.7491
79316,1028,-28.3360,0.7488
79415,1029,-802.4600,0.7485
79538,1030,-561.1490,0.7481
79633,1031,-648.3690,0.7478
79753,1032,-510.4480,0.7475
79795,1033,-499.3280,0.7473
79929,1034,-387.5810,0.7469
80024,1035,-305.3440,0.7466
80085,1036,-313.8620,0.7464
80163,1037,-219.9560,0.7462
80242,1038,-363.8680,0.7459
80343,1039,-492.8310,0.7456
80424,1040,-384.1320,0.7453
80514,1041,-463.8210,0.7450
80582,1042,63.1900,0.7448
80661,1043,-68.5460,0.7446
80807,1044,196.1630,0.7441
80906,1045,-316.2490,0.7438
81013,1046,-380.8930,0.7435
81079,1047,-558.2290,0.7433
81184,1048,-711.5600,0.7429
81323,1049,23.6090,0.7425
81409,1050,-415.1940,0.7422
81465,1051,-411.7580,0.7420
81579,1052,103.4800,0.7417
81701,1053,-241.0230,0.7413
81750,1054,-355.1040,0.7411
81823,1055,-196.7700,0.7409
81910,1056,15.8480,0.7406
81997,1057,-299.0430,0.7403
82067,1058,-411.5920,0.7401
82162,1059,-720.7130,0.7398
82250,1060,-476.0710,0.7395
82357,1061,-136.3250,0.7392
82449,1062,-684.6680,0.7389
82562,1063,-251.9510,0.7386
82627,1064,-616.1610,0.7384
82718,1065,-144.4720,0.7381
82800,1066,-900.0890,0.7378
82914,1067,-498.9560,0.7374
82994,1068,-473.2040,0.7372
83086,1069,-762.2870,0.7369
83201,1070,-641.7260,0.7365
83285,1071,-17.3270,0.7363
83383,1072,-801.0540,0.7360
83465,1073,-246.7320,0.7357
83583,1074,-371.0590,0.7353
83725,1075,-105.3980,0.7349
83822,1076,-877.3360,0.7346
83942,1077,135.0790,0.7342
84033,1078,-242.4610,0.7339
84173,1079,-39.1680,0.7335
84234,1080,32.8390,0.7333
84308,1081,-67.1880,0.7330
84380,1082,-176.8380,0.7328
84460,1083,-594.8870,0.7325
84567,1084,-88.9650,0.7322
84656,1085,-571.9710,0.7319
84795,1086,-36.0370,0.7315
84910,1087,-338.6350,0.7311
84979,1088,-516.7790,0.7309
85052,1089,-166.4120,0.7307
85195,1090,-13.0150,0.7302
85344,1091,152.7400,0.7297
85427,1092,-384.5150,0.7295
85508,1093,-309.8750,0.7292
85592,1094,-650.0190,0.7290
85655,1095,-381.6240,0.7288
85750,1096,-615.2390,0.7285
85891,1097,-605.0090,0.7280
86015,1098,-118.5520,0.7276
86102,1099,-454.9070,0.7273
86182,1100,-92.6650,0.7271
86288,1101,-290.4620,0.7268
86399,1102,-752.0370,0.7264
86520,1103,-14.6630,0.7260
86640,1104,-319.6040,0.7256
86763,1105,-436.8480,0.7253
86889,1106,-292.5460,0.7249
87001,1107,-704.9640,0.7245
87094,1108,2.8920,0.7242
87227,1109,-325.4280,0.7238
87305,1110,-98.7570,0.7235
87418,1111,-498.0480,0.7232
87488,1112,-641.6020,0.7230
87559,1113,-663.3100,0.7227
87673,1114,-626.0490,0.7224
87753,1115,-787.4110,0.7221
87860,1116,-201.5190,0.7218
87993,1117,-245.9960,0.7214
88068,1118,-322.8820,0.7211
88177,1119,-566.3760,0.7208
88312,1120,72.7970,0.7203
88400,1121,-154.7900,0.7201
88521,1122,16.3420,0.7197
88630,1123,-391.7940,0.7193
88703,1124,-53.1790,0.7191
88794,1125,-408.4050,0.7188
88877,1126,-408.3910,0.7186
89029,1127,-127.3300,0.7181
89104,1128,-324.0600,0.7178
89211,1129,-20.2300,0.7175
89325,1130,-472.8210,0.7171
89429,1131,-474.0960,0.7168
89519,1132,-422.6680,0.7165
89656,1133,-343.9980,0.7161
89773,1134,-414.2250,0.7157
89876,1135,-649.3580,0.7154
89989,1136,-22.1760,0.7150
90073,1137,-320.6530,0.7148
90187,1138,-781.1390,0.7144
90335,1139,65.9180,0.7139
90451,1140,-224.9970,0.7136
90538,1141,-458.4480,0.7133
90637,1142,-737.0030,0.7130
90721,1143,-460.4150,0.7127
90818,1144,-255.9560,0.7124
90899,1145,-75.8210,0.7122
90995,1146,-501.1790,0.7119
91063,1147,-220.0790,0.7116
91147,1148,-1031.0530,0.7114
91253,1149,-568.6830,0.7110
91319,1150,-307.3620,0.7108
91386,1151,-336.2520,0.7106
91473,1152,-610.9200,0.7103
91636,1153,304.8200,0.7098
91731,1154,-297.4030,0.7095
91831,1155,-280.7130,0.7092
91928,1156,-69.5020,0.7089
92008,1157,-469.7340,0.7086
92104,1158,-315.1000,0.7083
92183,1159,-407.9930,0.7081
92285,1160,-184.6360,0.7078
92353,1161,-357.1960,0.7076
92451,1162,-32.5840,0.7072
92567,1163,-337.1440,0.7069
92671,1164,-208.7740,0.7065
92819,1165,-287.8350,0.7061
92914,1166,-280.3020,0.7058
93041,1167,27.5750,0.7054
93135,1168,-440.4100,0.7051
93218,1169,-745.8880,0.7048
93341,1170,-336.3370,0.7044
93426,1171,-270.4260,0.7042
93529,1172,-417.8600,0.7038
93625,1173,-355.9450,0.7035
93750,1174,-469.9950,0.7031
93843,1175,-248.4050,0.7028
93995,1176,-134.0960,0.7024
94089,1177,51.9240,0.7021
94176,1178,-310.4660,0.7018
94263,1179,-256.3610,0.7015
94374,1180,-245.5070,0.7012
94461,1181,-488.0060,0.7009
94544,1182,-180.1760,0.7006
94651,1183,-566.8730,0.7003
94771,1184,-152.5730,0.6999
94862,1185,-578.4870,0.6996
94928,1186,-321.0430,0.6994
95030,1187,-175.0830,0.6991
95109,1188,-663.6760,0.6988
95199,1189,-569.1000,0.6985
95305,1190,-591.2530,0.6982
95429,1191,-95.5820,0.6978
95529,1192,-251.5640,0.6975
95643,1193,-229.5610,0.6971
95738,1194,-686.4830,0.6968
95843,1195,-695.5910,0.6965
95938,1196,-41.0700,0.6962
96023,1197,-67.9340,0.6959
96130,1198,-579.9330,0.6956
96253,1199,-210.5700,0.6952
96373,1200,-609.1260,0.6948
96507,1201,-316.7370,0.6944
96630,1202,-485.0150,0.6940
96758,1203,-96.7180,0.6936
96841,1204,-381.2000,0.6933
96916,1205,-524.9260,0.6931
97035,1206,16.0800,0.6927
97125,1207,-224.6640,0.6924
97268,1208,-108.3460,0.6920
97438,1209,-28.4120,0.6914
97564,1210,-260.4680,0.6911
97628,1211,-153.2280,0.6908
97747,1212,-428.1930,0.6905
97855,1213,-794.0380,0.6901
97974,1214,-277.8620,0.6898
98057,1215,-814.4300,0.6895
98142,1216,-368.9040,0.6892
98312,1217,-67.3110,0.6887
98445,1218,-567.7090,0.6883
98525,1219,-429.2540,0.6880
98671,1220,116.9420,0.6875
98778,1221,-355.3170,0.6872
98862,1222,-108.9190,0.6869
98940,1223,-443.1390,0.6867
99070,1224,-322.2100,0.6863
99170,1225,-257.8270,0.6860
99272,1226,-579.8550,0.6856
99363,1227,-471.6270,0.6854
99515,1228,-16.9630,0.6849
99643,1229,-451.1480,0.6845
99706,1230,-109.2460,0.6843
99805,1231,-345.4820,0.6840
99907,1232,-202.3970,0.6836
100030,1233,-634.3430,0.6832
100150,1234,-297.7000,0.6829
100266,1235,-814.3200,0.6825
100344,1236,-350.8640,0.6822
100439,1237,-252.9200,0.6819
100516,1238,-540.8790,0.6817
100609,1239,-165.2390,0.6814
100738,1240,-31.8700,0.6810
100871,1241,-154.3970,0.6806
100977,1242,-151.3000,0.6802
101061,1243,-296.9780,0.6800
101187,1244,-593.8100,0.6796
101289,1245,-440.3400,0.6793
101383,1246,-247.4790,0.6790
101480,1247,-788.8080,0.6786
101590,1248,-350.9980,0.6783
101694,1249,-474.5030,0.6780
101791,1250,-837.2760,0.6777
101875,1251,-360.3160,0.6774
101984,1252,169.2300,0.6771
102141,1253,105.0810,0.6766
102325,1254,292.1300,0.6760
102397,1255,-447.8970,0.6757
102454,1256,-124.4860,0.6756
102618,1257,103.5560,0.6750
102724,1258,-906.5790,0.6747
102851,1259,-397.6250,0.6743
102959,1260,-2.0700,0.6740
103044,1261,-308.0850,0.6737
103220,1262,278.1820,0.6731
103329,1263,-122.5090,0.6728
103465,1264,-219.9490,0.6724
103585,1265,-388.8320,0.6720
103753,1266,-543.0390,0.6715
103865,1267,-344.4690,0.6711
103992,1268,-708.7950,0.6707
104131,1269,-269.7040,0.6703
104194,1270,-134.9160,0.6701
104277,1271,-583.1980,0.6698
104417,1272,-173.9690,0.6693
104587,1273,-19.4660,0.6688
104663,1274,-444.0310,0.6686
104752,1275,-361.5880,0.6683
104896,1276,-207.1310,0.6678
105014,1277,-596.7650,0.6675
105079,1278,-280.1690,0.6673
105201,1279,-578.9860,0.6669
105290,1280,-350.4480,0.6666
105376,1281,-93.3770,0.6663
105515,1282,-383.1180,0.6659
105672,1283,126.5980,0.6654
105762,1284,-251.4720,0.6651
105893,1285,-272.4790,0.6647
106023,1286,49.1700,0.6643
106120,1287,-405.2780,0.6640
106224,1288,137.5940,0.6636
106321,1289,-558.4720,0.6633
106431,1290,-53.0500,0.6630
106543,1291,-20.8270,0.6626
106689,1292,-15.9330,0.6622
106814,1293,-125.5690,0.6618
106935,1294,-427.7220,0.6614
107048,1295,-224.1550,0.6610
107126,1296,-267.8770,0.6608
107315,1297,471.4890,0.6602
107412,1298,-88.9740,0.6599
107497,1299,-385.3470,0.6596
107582,1300,-137.8820,0.6593
107741,1301,235.9220,0.6588
107859,1302,-276.1430,0.6584
107993,1303,-171.5690,0.6580
108098,1304,-479.9760,0.6577
108188,1305,-616.9520,0.6574
108297,1306,-395.7610,0.6571
108362,1307,-488.7930,0.6569
108444,1308,-385.2070,0.6566
108508,1309,-300.6040,0.6564
108611,1310,-286.7500,0.6561
108692,1311,-444.6230,0.6558
108796,1312,-726.9480,0.6555
108946,1313,-491.1930,0.6550
109066,1314,-418.5320,0.6546
109114,1315,-390.1320,0.6545
109228,1316,-544.8830,0.6541
109352,1317,-369.9360,0.6537
109410,1318,-151.4510,0.6535
109556,1319,23.9860,0.6531
109672,1320,-103.2170,0.6527
109802,1321,-388.2380,0.6523
109888,1322,-103.7790,0.6520
109992,1323,-205.7010,0.6517
110153,1324,-683.0410,0.6512
110283,1325,-113.5760,0.6508
110423,1326,-232.5090,0.6503
110513,1327,-47.8940,0.6500
110605,1328,-321.5880,0.6498
110711,1329,-461.7350,0.6494
110852,1330,-543.3450,0.6490
110979,1331,-373.0110,0.6486
111121,1332,-266.2730,0.6481
111210,1333,-149.2040,0.6478
111362,1334,-313.7270,0.6474
111463,1335,-563.5610,0.6470
111575,1336,-285.2560,0.6467
111675,1337,-862.8640,0.6464
111812,1338,-466.4240,0.6459
111964,1339,-83.2030,0.6455
112132,1340,106.0010,0.6449
112281,1341,-17.4610,0.6444
112450,1342,406.7960,0.6439
112582,1343,-366.6160,0.6435
112684,1344,-313.7810,0.6432
112827,1345,293.2270,0.6427
112902,1346,-248.4000,0.6425
113017,1347,-542.7840,0.6421
113147,1348,-13.6880,0.6417
113236,1349,-595.6600,0.6414
113359,1350,-196.4700,0.6410
113545,1351,-196.0260,0.6404
113698,1352,65.3470,0.6400
113854,1353,302.2270,0.6395
113954,1354,-707.4330,0.6391
114095,1355,-270.0400,0.6387
114215,1356,-327.8570,0.6383
114343,1357,-486.6730,0.6379
114462,1358,-665.9670,0.6375
114601,1359,229.0400,0.6371
114692,1360,-326.9590,0.6368
114779,1361,-295.0970,0.6365
114984,1362,282.1620,0.6359
115123,1363,-263.1240,0.6354
115266,1364,-292.0430,0.6350
115392,1365,-564.9540,0.6346
115463,1366,-763.0240,0.6344
115598,1367,-102.4650,0.6339
115778,1368,398.9710,0.6334
115879,1369,-128.7650,0.6331
116008,1370,-444.1810,0.6326
116153,1371,-354.7570,0.6322
116256,1372,-485.0540,0.6319
116369,1373,-339.3170,0.6315
116484,1374,-471.3810,0.6311
116587,1375,-616.2060,0.6308
116682,1376,-355.1060,0.6305
116809,1377,-662.2560,0.6301
116932,1378,-509.0740,0.6297
117045,1379,-346.9470,0.6294
117194,1380,275.3650,0.6289
117337,1381,-306.4450,0.6284
117448,1382,49.3740,0.6281
117597,1383,42.7280,0.6276
117682,1384,-139.5510,0.6273
117835,1385,-363.3450,0.6269
117944,1386,-433.2660,0.6265
118087,1387,38.9250,0.6261
118196,1388,-456.4020,0.6257
118345,1389,-305.9850,0.6252
118509,1390,13.6150,0.6247
118631,1391,-348.0600,0.6243
118795,1392,130.5880,0.6238
118945,1393,-357.5700,0.6233
119030,1394,-634.3830,0.6231
119152,1395,-427.3880,0.6227
119253,1396,-1077.2830,0.6224
119342,1397,-754.9250,0.6221
119488,1398,-166.5040,0.6216
119663,1399,198.4180,0.6211
119793,1400,-1008.4990,0.6207
119898,1401,-316.6450,0.6203
120034,1402,-61.7030,0.6199
120186,1403,-116.3350,0.6194
120311,1404,-218.9100,0.6190
120414,1405,-702.4180,0.6187
120513,1406,-472.9070,0.6184
120660,1407,7.1890,0.6179
120828,1408,359.2180,0.6174
120987,1409,8.4410,0.6169
121105,1410,-447.2900,0.6165
121287,1411,396.1370,0.6159
121392,1412,-27.1180,0.6156
121532,1413,-360.4960,0.6152
121623,1414,-255.4920,0.6149
121730,1415,-215.2370,0.6145
121832,1416,-602.6940,0.6142
121977,1417,-322.4920,0.6137
122150,1418,-79.3740,0.6132
122313,1419,-808.1870,0.6127
122460,1420,-278.3930,0.6122
122598,1421,-253.0860,0.6118
122787,1422,548.5620,0.6112
122946,1423,-203.1880,0.6107
123136,1424,536.1010,0.6101
123294,1425,-587.4160,0.6096
123474,1426,468.9030,0.6090
123635,1427,-386.9340,0.6085
123729,1428,-234.3480,0.6082
123923,1429,-78.5540,0.6076
124061,1430,-57.9930,0.6071
124223,1431,2.5790,0.6066
124369,1432,23.6800,0.6062
124485,1433,-386.5190,0.6058
124615,1434,-369.6000,0.6054
124707,1435,15.3800,0.6051
124842,1436,-427.6490,0.6047
124999,1437,-224.8820,0.6042
125088,1438,-340.4410,0.6039
125186,1439,-349.5230,0.6036
125328,1440,124.7350,0.6031
125469,1441,-251.3170,0.6027
125599,1442,-432.9090,0.6023
125729,1443,-154.9230,0.6019
125871,1444,-302.4500,0.6014
125993,1445,-450.2370,0.6010
126151,1446,-127.5110,0.6005
126289,1447,-170.9830,0.6001
126405,1448,-818.4830,0.5997
126552,1449,-300.3870,0.5993
126672,1450,-373.2580,0.5989
126801,1451,-369.8960,0.5985
126927,1452,-451.7200,0.5981
127104,1453,712.2270,0.5975
127289,1454,60.4880,0.5969
127377,1455,-297.9330,0.5966
127523,1456,49.9940,0.5962
127629,1457,-526.9570,0.5958
127727,1458,-991.9800,0.5955
127853,1459,-395.7330,0.5951
128020,1460,137.4940,0.5946
128160,1461,-131.7410,0.5942
128256,1462,-214.8580,0.5939
128396,1463,258.0680,0.5934
128550,1464,-153.2210,0.5929
128702,1465,-312.5850,0.5924
128870,1466,383.6920,0.5919
129038,1467,315.0440,0.5914
129194,1468,69.3660,0.5909
129353,1469,14.4860,0.5904
129498,1470,-282.6640,0.5899
129666,1471,290.7940,0.5894
129762,1472,-694.3360,0.5891
129874,1473,-182.9430,0.5887
130006,1474,-475.8590,0.5883
130132,1475,-190.2620,0.5879
130314,1476,-166.8280,0.5873
130484,1477,435.5330,0.5868
130589,1478,-74.2970,0.5865
130714,1479,-406.2090,0.5861
130849,1480,-451.3140,0.5856
131010,1481,-118.7690,0.5851
131109,1482,-490.0870,0.5848
131244,1483,20.2060,0.5844
131363,1484,-93.9610,0.5840
131464,1485,-227.3660,0.5837
131530,1486,-605.9250,0.5835
131694,1487,16.9040,0.5830
131830,1488,-330.7650,0.5825
131970,1489,-18.4080,0.5821
132110,1490,-498.2040,0.5817
132225,1491,-558.1860,0.5813
132329,1492,-216.4620,0.5810
132455,1493,-563.0600,0.5806
132615,1494,-46.8600,0.5801
132749,1495,-448.6350,0.5796
132881,1496,-239.3680,0.5792
133002,1497,-895.7030,0.5788
133168,1498,-165.6560,0.5783
133294,1499,-202.0490,0.5779
133456,1500,-12.9710,0.5774
133613,1501,66.9490,0.5769
133749,1502,-211.7730,0.5765
133892,1503,-219.5540,0.5760
134034,1504,-320.4570,0.5756
134136,1505,19.6100,0.5752
134246,1506,-516.0890,0.5749
134401,1507,-200.8230,0.5744
134549,1508,-73.6510,0.5739
134698,1509,-569.4690,0.5735
134884,1510,756.4480,0.5729
135048,1511,-205.0310,0.5724
135151,1512,-310.5790,0.5720
135323,1513,438.2800,0.5715
135458,1514,-200.3030,0.5711
135622,1515,-64.8280,0.5705
135732,1516,-548.8570,0.5702
135816,1517,-645.7200,0.5699
135977,1518,-609.9800,0.5694
136123,1519,-536.9490,0.5689
136215,1520,-323.6330,0.5687
136321,1521,-414.0650,0.5683
136428,1522,-516.3980,0.5680
136509,1523,-308.9300,0.5677
136664,1524,286.0540,0.5672
136769,1525,-321.8090,0.5669
136916,1526,-194.0500,0.5664
137032,1527,-393.9490,0.5661
137122,1528,-145.8080,0.5658
137204,1529,-409.5200,0.5655
137340,1530,-708.0080,0.5651
137467,1531,-691.5860,0.5647
137599,1532,-449.1020,0.5643
137711,1533,-153.1260,0.5639
137890,1534,498.1820,0.5634
138040,1535,81.1510,0.5629
138227,1536,408.7290,0.5623
138377,1537,70.9230,0.5618
138543,1538,170.8620,0.5613
138718,1539,110.5340,0.5607
138842,1540,-618.0160,0.5603
138962,1541,-316.7880,0.5600
139128,1542,38.5240,0.5594
139299,1543,320.2510,0.5589
139468,1544,389.2700,0.5584
139634,1545,-229.6170,0.5578
139810,1546,-155.3470,0.5573
139999,1547,-179.9450,0.5567
140174,1548,314.7540,0.5561
140302,1549,-500.7090,0.5557
140487,1550,361.3050,0.5551
140618,1551,-146.7200,0.5547
140781,1552,44.1970,0.5542
140974,1553,636.6790,0.5536
141137,1554,-213.7670,0.5531
141297,1555,-349.9070,0.5526
141483,1556,-6.4380,0.5520
141651,1557,94.4750,0.5514
141735,1558,-616.9360,0.5512
141824,1559,181.0000,0.5509
141970,1560,-414.3830,0.5504
142140,1561,405.4460,0.5499
142308,1562,-188.6450,0.5494
142467,1563,-245.2740,0.5489
142612,1564,-104.0590,0.5484
142776,1565,319.7190,0.5479
142940,1566,-294.3860,0.5474
143032,1567,-372.9040,0.5471
143167,1568,-378.3900,0.5466
143291,1569,-853.1160,0.5462
143453,1570,113.0170,0.5457
143622,1571,294.7400,0.5452
143782,1572,199.0550,0.5447
143948,1573,-1.2000,0.5442
144130,1574,175.9230,0.5436
144250,1575,-441.6710,0.5432
144339,1576,-61.7680,0.5429
144488,1577,-379.4610,0.5425
144615,1578,-301.1420,0.5421
144758,1579,-567.4360,0.5416
144925,1580,-208.3190,0.5411
145068,1581,-922.4980,0.5406
145225,1582,-119.4470,0.5401
145397,1583,383.0660,0.5396
145533,1584,-307.5470,0.5391
145727,1585,719.5920,0.5385
145876,1586,-396.2270,0.5381
146022,1587,-624.2070,0.5376
146184,1588,-67.2830,0.5371
146329,1589,-491.7480,0.5366
146463,1590,-361.6280,0.5362
146599,1591,-479.3280,0.5358
146734,1592,-258.2910,0.5353
146849,1593,-769.9890,0.5350
146980,1594,-509.9940,0.5346
147140,1595,-174.5360,0.5341
147318,1596,116.3820,0.5335
147487,1597,351.1340,0.5330
147623,1598,-590.8470,0.5325
147754,1599,-288.0510,0.5321
147910,1600,-105.2310,0.5316
148021,1601,-909.1020,0.5313
148169,1602,-816.0150,0.5308
148301,1603,-306.8850,0.5304
148450,1604,-8.8520,0.5299
148618,1605,-19.2960,0.5294
148768,1606,-779.0050,0.5289
148947,1607,30.1980,0.5283
149041,1608,-141.7490,0.5280
149226,1609,545.9860,0.5275
149319,1610,-221.3090,0.5272
149475,1611,-101.1000,0.5267
149635,1612,-280.7550,0.5262
149767,1613,-593.8500,0.5257
149946,1614,-138.0970,0.5252
150102,1615,-615.5020,0.5247
150255,1616,-836.7820,0.5242
150446,1617,365.4100,0.5236
150650,1618,799.1280,0.5229
150810,1619,-138.8760,0.5224
151006,1620,14.6530,0.5218
151152,1621,-321.4030,0.5214
151295,1622,-993.6890,0.5209
151412,1623,-745.7090,0.5205
151552,1624,-549.1800,0.5201
151688,1625,-389.8830,0.5197
151769,1626,-253.1810,0.5194
151923,1627,-904.1350,0.5189
152096,1628,253.9970,0.5184
152267,1629,-452.5980,0.5178
152433,1630,-2.5940,0.5173
152597,1631,-315.6890,0.5168
152730,1632,-317.4790,0.5164
152894,1633,-141.7240,0.5158
153033,1634,-590.3350,0.5154
153176,1635,-460.9130,0.5149
153323,1636,-224.4340,0.5145
153495,1637,271.3220,0.5139
153679,1638,674.1270,0.5134
153857,1639,-48.9530,0.5128
154040,1640,409.4900,0.5122
154220,1641,160.7370,0.5116
154390,1642,278.4760,0.5111
154527,1643,-401.7510,0.5107
154701,1644,316.5410,0.5101
154852,1645,-816.4110,0.5096
155034,1646,-87.0030,0.5091
155198,1647,-266.2730,0.5085
155365,1648,-11.9830,0.5080
155527,1649,58.8130,0.5075
155679,1650,-446.4480,0.5070
155800,1651,-536.9490,0.5066
155965,1652,125.3370,0.5061
156157,1653,162.3790,0.5055
156255,1654,-323.1240,0.5052
156404,1655,-308.4430,0.5047
156555,1656,-709.1160,0.5042
156726,1657,452.9760,0.5037
156904,1658,83.8010,0.5031
157049,1659,-523.2130,0.5027
157233,1660,-240.7650,0.5021
157403,1661,-237.1110,0.5016
157578,1662,-63.1670,0.5010
157732,1663,137.3740,0.5005
157876,1664,-179.4470,0.5001
158026,1665,-358.5710,0.4996
158151,1666,-522.9070,0.4992
158313,1667,-102.4240,0.4987
158478,1668,-283.9590,0.4982
158629,1669,-558.0120,0.4977
158807,1670,208.3910,0.4971
158956,1671,-372.6200,0.4966
159065,1672,-723.8770,0.4963
159246,1673,357.0080,0.4957
159363,1674,-907.6690,0.4954
159513,1675,102.3230,0.4949
159679,1676,56.5050,0.4944
159852,1677,-21.4220,0.4938
160015,1678,-214.8550,0.4933
160161,1679,-42.1720,0.4928
160336,1680,-32.3080,0.4923
160457,1681,-135.6690,0.4919
160617,1682,415.7260,0.4914
160734,1683,-319.1360,0.4910
160880,1684,-835.4290,0.4905
161019,1685,-579.3650,0.4901
161190,1686,149.9470,0.4896
161353,1687,180.4010,0.4891
161525,1688,-89.1150,0.4885
161653,1689,-517.2070,0.4881
161758,1690,-589.0200,0.4878
161895,1691,-403.2740,0.4873
162058,1692,92.7830,0.4868
162208,1693,-427.3700,0.4863
162393,1694,59.8300,0.4858
162551,1695,-549.0210,0.4853
162692,1696,-314.3040,0.4848
162869,1697,-113.0250,0.4843
163034,1698,334.7850,0.4837
163200,1699,187.1900,0.4832
163350,1700,467.0500,0.4827
163523,1701,-54.3450,0.4822
163708,1702,525.6820,0.4816
163865,1703,-29.0600,0.4811
164034,1704,300.0350,0.4806
164193,1705,149.4080,0.4801
164370,1706,228.1850,0.4795
164544,1707,451.3230,0.4789
164710,1708,219.4770,0.4784
164864,1709,-143.9000,0.4779
165037,1710,-22.6650,0.4774
165219,1711,527.4920,0.4768
165384,1712,-9.4420,0.4763
165558,1713,455.1710,0.4757
165719,1714,-167.5670,0.4752
165908,1715,919.8140,0.4746
166035,1716,-911.9000,0.4742
166185,1717,-506.3610,0.4738
166310,1718,-241.4330,0.4734
166459,1719,-260.2360,0.4729
166620,1720,-343.2400,0.4724
166774,1721,64.5810,0.4719
166936,1722,-506.6430,0.4714
167110,1723,-394.9120,0.4708
167286,1724,443.9070,0.4703
167454,1725,0.9890,0.4697
167624,1726,269.1820,0.4692
167806,1727,441.6850,0.4686
167907,1728,-823.0370,0.4683
168061,1729,283.7510,0.4678
168208,1730,-252.3220,0.4673
168386,1731,297.3200,0.4668
168540,1732,-293.9590,0.4663
168673,1733,-278.7220,0.4659
168827,1734,-130.2480,0.4654
169003,1735,240.8610,0.4648
169178,1736,-87.1990,0.4643
169375,1737,834.0580,0.4636
169532,1738,156.3950,0.4632
169714,1739,-423.0630,0.4626
169882,1740,57.3200,0.4620
170046,1741,96.1360,0.4615
170215,1742,-464.1020,0.4610
170349,1743,-419.7810,0.4606
170490,1744,-80.2720,0.4601
170651,1745,121.0870,0.4596
170820,1746,57.8090,0.4591
170975,1747,-321.8460,0.4586
171145,1748,-308.1180,0.4580
171309,1749,-344.8920,0.4575
171476,1750,399.8400,0.4570
171629,1751,-305.7450,0.4565
171798,1752,340.7190,0.4560
171970,1753,100.0510,0.4554
172131,1754,-187.5470,0.4549
172312,1755,-3.2980,0.4543
172495,1756,12.6110,0.4538
172673,1757,241.7110,0.4532
172845,1758,80.3010,0.4527
172977,1759,-679.6900,0.4522
173160,1760,171.7480,0.4517
173337,1761,-252.4880,0.4511
173507,1762,417.2380,0.4506
173688,1763,-21.3630,0.4500
173852,1764,-595.6870,0.4495
173962,1765,-255.2840,0.4491
174125,1766,-92.8900,0.4486
174269,1767,-252.0100,0.4482
174404,1768,-859.5210,0.4477
174573,1769,-212.0250,0.4472
174737,1770,-361.5600,0.4467
174873,1771,-669.7220,0.4462
175046,1772,-20.1420,0.4457
175197,1773,108.2950,0.4452
175333,1774,-354.0140,0.4448
175475,1775,-975.5050,0.4443
175617,1776,-55.7430,0.4439
175772,1777,-148.5090,0.4434
175980,1778,958.8170,0.4427
176167,1779,-267.7370,0.4421
176288,1780,-860.6610,0.4418
176474,1781,971.9710,0.4412
176630,1782,-98.9490,0.4407
176805,1783,386.0750,0.4401
176990,1784,691.2360,0.4395
177167,1785,281.2850,0.4390
177343,1786,698.1140,0.4384
177485,1787,-732.4770,0.4380
177647,1788,-170.0510,0.4375
177834,1789,268.1360,0.4369
178013,1790,51.0030,0.4363
178168,1791,314.1100,0.4358
178336,1792,-203.8360,0.4353
178485,1793,-559.8890,0.4348
178633,1794,10.4320,0.4343
178766,1795,-883.2570,0.4339
178931,1796,-325.2040,0.4334
179086,1797,-337.1240,0.4329
179256,1798,109.3250,0.4324
179398,1799,-512.3770,0.4319
179579,1800,505.7810,0.4313
179750,1801,50.0470,0.4308
179933,1802,157.3790,0.4302
180045,1803,-124.7570,0.4299
180225,1804,-25.0790,0.4293
180393,1805,300.8060,0.4288
180571,1806,695.2340,0.4282
180775,1807,52.1580,0.4275
180958,1808,799.0610,0.4270
181125,1809,-696.1940,0.4264
181271,1810,-280.2680,0.4260
181439,1811,50.1910,0.4254
181600,1812,-14.9180,0.4249
181748,1813,-510.5810,0.4245
181929,1814,276.6550,0.4239
182074,1815,120.8460,0.4234
182256,1816,-744.0090,0.4229
182444,1817,558.4460,0.4223
182574,1818,-36.5280,0.4219
182746,1819,404.0830,0.4213
182938,1820,427.2010,0.4207
183104,1821,10.9330,0.4202
183290,1822,570.6300,0.4196
183466,1823,-161.3640,0.4190
183644,1824,-387.2100,0.4185
183808,1825,-43.8740,0.4179
183971,1826,128.1290,0.4174
184109,1827,303.3400,0.4170
184277,1828,-158.2800,0.4165
184421,1829,-386.4540,0.4160
184568,1830,-647.8360,0.4155
184752,1831,6.7540,0.4150
184956,1832,505.3330,0.4143
185123,1833,118.1070,0.4138
185315,1834,319.7350,0.4132
185487,1835,384.5940,0.4126
185675,1836,6.4820,0.4120
185830,1837,-426.3530,0.4115
186012,1838,206.2570,0.4110
186179,1839,-465.7350,0.4104
186341,1840,-423.3600,0.4099
186507,1841,-39.2510,0.4094
186638,1842,-408.6540,0.4090
186808,1843,209.7210,0.4084
186959,1844,-544.1130,0.4080
187097,1845,-483.3640,0.4075
187265,1846,-506.1730,0.4070
187430,1847,103.1150,0.4065
187619,1848,-115.3890,0.4059
187778,1849,-633.0160,0.4054
187923,1850,-416.4860,0.4049
188091,1851,-63.1770,0.4044
188284,1852,-382.0760,0.4038
188485,1853,-400.6590,0.4031
188685,1854,720.4330,0.4025
188870,1855,220.4140,0.4019
189054,1856,12.4650,0.4013
189245,1857,595.0510,0.4007
189403,1858,127.7310,0.4002
189586,1859,-13.8800,0.3996
189789,1860,65.1390,0.3990
189950,1861,-127.3840,0.3985
190089,1862,-690.8780,0.3981
190224,1863,-690.0140,0.3976
190409,1864,243.4950,0.3970
190591,1865,403.9140,0.3965
190790,1866,290.4950,0.3958
190964,1867,-347.3410,0.3953
191152,1868,220.2860,0.3947
191341,1869,-376.5930,0.3941
191515,1870,-492.3460,0.3935
191700,1871,239.7570,0.3930
191852,1872,-645.2020,0.3925
192014,1873,-639.6570,0.3920
192204,1874,289.8190,0.3914
192375,1875,330.4000,0.3908
192548,1876,-83.3200,0.3903
192727,1877,175.8130,0.3897
192915,1878,-18.7980,0.3891
193108,1879,561.9020,0.3885
193294,1880,195.9300,0.3879
193484,1881,618.5770,0.3873
193650,1882,100.0700,0.3868
193827,1883,248.5310,0.3862
194005,1884,-92.0600,0.3857
194202,1885,36.1690,0.3850
194375,1886,94.9010,0.3845
194527,1887,-232.6040,0.3840
194708,1888,580.1670,0.3834
194888,1889,-14.2160,0.3829
194990,1890,-488.8750,0.3825
195194,1891,338.0190,0.3819
195362,1892,140.1050,0.3814
195524,1893,153.1530,0.3808
195715,1894,124.9940,0.3802
195885,1895,449.2610,0.3797
196058,1896,279.4630,0.3792
196188,1897,-513.7210,0.3787
196372,1898,-114.7260,0.3782
196548,1899,-198.5620,0.3776
196736,1900,-174.4370,0.3770
196910,1901,-62.2880,0.3765
197102,1902,251.0970,0.3758
197289,1903,-487.8060,0.3753
197469,1904,80.1310,0.3747
197640,1905,310.2740,0.3741
197835,1906,155.5920,0.3735
198008,1907,246.3440,0.3730
198180,1908,55.3830,0.3724
198373,1909,795.3310,0.3718
198535,1910,-178.4410,0.3713
198717,1911,422.8460,0.3707
198884,1912,61.0030,0.3702
199059,1913,-10.3220,0.3696
199239,1914,458.7300,0.3691
199445,1915,-86.6870,0.3684
199605,1916,-142.5760,0.3679
199792,1917,332.8930,0.3673
199994,1918,177.5200,0.3667
200197,1919,-55.6290,0.3660
200379,1920,361.5360,0.3655
200561,1921,-28.3030,0.3649
200743,1922,-34.4230,0.3643
200934,1923,-9.2560,0.3637
201132,1924,-104.2040,0.3631
201314,1925,402.8470,0.3625
201508,1926,759.0720,0.3619
201689,1927,375.8730,0.3613
201896,1928,475.2780,0.3607
202074,1929,24.7720,0.3601
202262,1930,693.1860,0.3595
202447,1931,332.2540,0.3589
202640,1932,-134.3080,0.3583
202834,1933,-305.4910,0.3577
202978,1934,-724.9320,0.3572
203170,1935,332.7540,0.3566
203357,1936,-168.3520,0.3560
203551,1937,-101.6960,0.3554
203712,1938,6.1750,0.3549
203876,1939,-109.8710,0.3544
204068,1940,265.6850,0.3538
204273,1941,229.5640,0.3531
204490,1942,-108.7860,0.3525
204668,1943,-876.0250,0.3519
204829,1944,-307.4230,0.3514
205014,1945,283.9160,0.3508
205248,1946,191.2190,0.3501
205421,1947,233.6570,0.3495
205611,1948,123.5970,0.3489
205803,1949,-361.4000,0.3483
206004,1950,317.1870,0.3477
206202,1951,101.7400,0.3470
206425,1952,-217.8680,0.3463
206608,1953,545.8590,0.3457
206791,1954,-604.2350,0.3452
206990,1955,105.3690,0.3445
207173,1956,317.5130,0.3440
207338,1957,266.0050,0.3434
207500,1958,110.5460,0.3429
207706,1959,-375.8570,0.3423
207872,1960,-306.2000,0.3417
208059,1961,-124.0710,0.3411
208259,1962,-577.6430,0.3405
208434,1963,325.4420,0.3400
208610,1964,-198.7670,0.3394
208791,1965,-106.5360,0.3388
208974,1966,224.2060,0.3383
209148,1967,-203.9860,0.3377
209324,1968,592.2660,0.3371
209536,1969,-338.4770,0.3365
209723,1970,-18.9330,0.3359
209924,1971,-182.2570,0.3352
210119,1972,4.0900,0.3346
210298,1973,-7.4400,0.3341
210509,1974,205.0000,0.3334
210736,1975,-84.9230,0.3327
210946,1976,-1.6080,0.3320
211170,1977,-54.5440,0.3313
211385,1978,-352.7180,0.3306
211551,1979,1.8380,0.3301
211720,1980,183.8130,0.3296
211920,1981,-511.0860,0.3289
212093,1982,158.5350,0.3284
212275,1983,268.7450,0.3278
212465,1984,-456.5040,0.3272
212659,1985,-53.4840,0.3266
212844,1986,363.4200,0.3260
213020,1987,728.7310,0.3254
213205,1988,-235.8400,0.3249
213430,1989,-393.7380,0.3241
213623,1990,-140.3830,0.3235
213774,1991,-381.7940,0.3231
213956,1992,-570.3700,0.3225
214103,1993,181.1590,0.3220
214303,1994,-9.7710,0.3214
214492,1995,-249.0610,0.3208
214664,1996,-249.2410,0.3202
214876,1997,-519.4760,0.3196
215051,1998,123.2990,0.3190
215229,1999,10.1290,0.3184
215454,2000,-472.3500,0.3177
215639,2001,106.7770,0.3171
215852,2002,-531.3450,0.3165
216055,2003,358.5140,0.3158
216255,2004,-13.9360,0.3152
216451,2005,159.4340,0.3146
216579,2006,-894.2970,0.3142
216784,2007,160.4780,0.3135
216977,2008,550.6490,0.3129
217157,2009,-152.1300,0.3123
217348,2010,69.6560,0.3117
217523,2011,133.8970,0.3112
217705,2012,-157.9680,0.3106
217939,2013,199.1680,0.3099
218140,2014,-317.2930,0.3092
218365,2015,106.0750,0.3085
218560,2016,343.8910,0.3079
218746,2017,-491.2350,0.3073
218953,2018,325.6530,0.3067
219136,2019,264.6930,0.3061
219324,2020,304.7670,0.3055
219487,2021,-343.1730,0.3050
219670,2022,-302.2100,0.3044
219853,2023,105.0820,0.3038
220055,2024,-155.3900,0.3032
220269,2025,-506.2410,0.3025
220459,2026,-135.2770,0.3019
220618,2027,287.0370,0.3014
220824,2028,-227.3010,0.3007
220983,2029,280.6570,0.3002
221162,2030,-527.9050,0.2997
221343,2031,681.6130,0.2991
221535,2032,-255.7930,0.2985
221726,2033,-437.3480,0.2979
221872,2034,-890.3010,0.2974
222034,2035,434.1520,0.2969
222146,2036,-936.8400,0.2965
222368,2037,-210.4170,0.2958
222543,2038,2.5540,0.2953
222721,2039,-336.2420,0.2947
222914,2040,-219.1090,0.2941
223087,2041,-582.1300,0.2936
223247,2042,-235.5360,0.2931
223436,2043,-676.2530,0.2925
223570,2044,-290.6730,0.2920
223737,2045,-853.8000,0.2915
223939,2046,-512.4750,0.2909
224087,2047,-603.9030,0.2904
224198,2048,-723.0030,0.2900
224360,2049,-426.6360,0.2895
224563,2050,-453.7930,0.2889
224764,2051,3.6250,0.2883
224941,2052,-44.8520,0.2877
225153,2053,-425.9490,0.2870
225320,2054,230.6520,0.2865
225496,2055,446.5440,0.2859
225648,2056,-20.5490,0.2855
225834,2057,93.8120,0.2849
226013,2058,-517.5670,0.2843
226180,2059,20.1900,0.2838
226359,2060,328.4470,0.2832
226559,2061,-17.1310,0.2826
226766,2062,210.8510,0.2819
226948,2063,-71.4570,0.2813
227155,2064,18.5710,0.2807
227337,2065,732.6120,0.2801
227529,2066,-410.4200,0.2795
227676,2067,-932.5200,0.2790
227844,2068,-105.9360,0.2785
228066,2069,-202.0540,0.2778
228191,2070,-765.2990,0.2774
228370,2071,-292.5470,0.2768
228520,2072,-946.7220,0.2764
228733,2073,-147.7070,0.2757
228928,2074,-450.7240,0.2751
229154,2075,13.6730,0.2743
229314,2076,29.2300,0.2738
229497,2077,445.2390,0.2733
229673,2078,-265.8010,0.2727
229872,2079,-251.5420,0.2721
230068,2080,-13.4950,0.2715
230247,2081,-622.5010,0.2709
230455,2082,418.4350,0.2702
230655,2083,-477.8840,0.2696
230852,2084,-204.7660,0.2690
231088,2085,1.3400,0.2682
231260,2086,-533.2930,0.2677
231452,2087,-525.2060,0.2671
231627,2088,117.8370,0.2665
231842,2089,-211.6250,0.2658
231998,2090,-816.1440,0.2653
232186,2091,-1094.4790,0.2647
232357,2092,362.5620,0.2642
232569,2093,-618.5850,0.2635
232794,2094,-946.3130,0.2628
233039,2095,-634.0290,0.2620
233244,2096,-674.9000,0.2614
233447,2097,193.9660,0.2608
233609,2098,76.3500,0.2602
233829,2099,-316.4010,0.2595
234065,2100,357.1570,0.2588
234271,2101,-376.3450,0.2581
234480,2102,-369.3410,0.2575
234695,2103,-537.3730,0.2568
234844,2104,-647.0860,0.2563
234954,2105,-380.0160,0.2560
235163,2106,152.8820,0.2553
235367,2107,-1025.7230,0.2547
235628,2108,-653.1590,0.2538
235862,2109,132.1070,0.2531
236048,2110,-393.5360,0.2525
236240,2111,-531.0460,0.2519
236450,2112,298.4920,0.2512
236620,2113,-696.4190,0.2507
236798,2114,-307.7760,0.2501
236970,2115,-668.9550,0.2496
237154,2116,228.4700,0.2490
237314,2117,-630.2640,0.2485
237483,2118,-128.5170,0.2480
237667,2119,120.7140,0.2474
237878,2120,162.2410,0.2467
238102,2121,-637.1320,0.2460
238331,2122,-713.5350,0.2453
238552,2123,-34.5770,0.2446
238840,2124,43.3380,0.2437
239029,2125,-554.7220,0.2431
239232,2126,-152.5440,0.2424
239468,2127,-923.4680,0.2417
239667,2128,-66.6020,0.2411
239880,2129,-853.7360,0.2404
240106,2130,280.9970,0.2397
240318,2131,-569.6750,0.2390
240514,2132,-622.2130,0.2384
240725,2133,-209.6210,0.2377
240948,2134,-150.7500,0.2370
241166,2135,-143.2360,0.2363
241353,2136,-671.1040,0.2357
241566,2137,-601.1250,0.2350
241790,2138,-164.9050,0.2343
242064,2139,-201.0290,0.2335
242201,2140,-307.2950,0.2330
242392,2141,-822.8690,0.2324
242609,2142,-771.6330,0.2317
242781,2143,-486.1250,0.2312
242958,2144,-687.7620,0.2306
243137,2145,-928.2790,0.2301
243264,2146,-283.1030,0.2297
243449,2147,-855.5470,0.2291
243682,2148,-393.0540,0.2283
243903,2149,-255.6310,0.2276
244063,2150,-515.9740,0.2271
244237,2151,-335.5020,0.2266
244399,2152,-576.0610,0.2261
244571,2153,-748.1720,0.2255
244821,2154,-420.3690,0.2247
245045,2155,-755.5620,0.2240
245137,2156,-524.0900,0.2237
245323,2157,-402.6940,0.2231
245593,2158,-213.4030,0.2223
245815,2159,-451.7760,0.2216
245973,2160,-1110.7800,0.2211
246154,2161,-256.7840,0.2205
246259,2162,-665.6730,0.2202
246442,2163,-523.1280,0.2196
246648,2164,8.8770,0.2190
246833,2165,-1273.2760,0.2184
247043,2166,-48.0090,0.2177
247184,2167,-802.3160,0.2173
247363,2168,-791.7740,0.2167
247539,2169,-756.6640,0.2161
247696,2170,-1073.0470,0.2156
247916,2171,-92.3340,0.2149
248178,2172,-1001.2290,0.2141
248331,2173,-761.7970,0.2136
248519,2174,-631.2990,0.2130
248767,2175,-35.9490,0.2122
249005,2176,-648.6730,0.2115
249226,2177,-579.3480,0.2108
249402,2178,-279.9360,0.2102
249641,2179,-182.4590,0.2095
249881,2180,-412.1640,0.2087
249990,2181,-495.0410,0.2084
250240,2182,-113.3910,0.2076
250513,2183,-423.6990,0.2067
250772,2184,-247.4170,0.2059
250973,2185,-833.6440,0.2053
251241,2186,-746.7990,0.2044
251384,2187,-884.3380,0.2040
251596,2188,-632.4870,0.2033
251840,2189,2.0250,0.2025
251999,2190,-227.8380,0.2020
252168,2191,-320.0170,0.2015
252337,2192,-949.6220,0.2009
252533,2193,-412.9400,0.2003
252736,2194,-87.5310,0.1997
252989,2195,-166.3690,0.1989
253213,2196,-708.4390,0.1982
253468,2197,-298.1210,0.1974
253644,2198,-284.2930,0.1968
253875,2199,-504.8410,0.1961
254111,2200,-54.0420,0.1953
254396,2201,-704.7080,0.1944
254710,2202,-524.5980,0.1934
254953,2203,-543.3140,0.1927
255165,2204,-888.1430,0.1920
255389,2205,-865.5580,0.1913
255693,2206,-743.7380,0.1903
255949,2207,-634.0260,0.1895
256174,2208,-1124.6330,0.1888
256378,2209,522.0730,0.1881
256580,2210,-208.4390,0.1875
256858,2211,-40.2310,0.1866
257092,2212,-128.7500,0.1859
257268,2213,-529.1630,0.1853
257493,2214,-766.5200,0.1846
257729,2215,-26.3420,0.1839
257967,2216,-127.9970,0.1831
258231,2217,-747.8880,0.1823
258461,2218,417.5290,0.1815
258724,2219,-127.6590,0.1807
258881,2220,-509.3500,0.1802
259183,2221,-275.1780,0.1793
259469,2222,-377.7710,0.1784
259704,2223,-252.7830,0.1776
259896,2224,-143.2420,0.1770
260086,2225,-856.9210,0.1764
260361,2226,-606.5480,0.1755
260639,2227,92.0370,0.1746
260911,2228,204.8660,0.1738
261178,2229,426.3060,0.1729
261490,2230,-261.3120,0.1720
261695,2231,-613.2200,0.1713
261971,2232,-650.5040,0.1704
262281,2233,-335.4640,0.1694
262599,2234,-439.4320,0.1684
262796,2235,-229.4440,0.1678
262983,2236,-299.9500,0.1672
263237,2237,-91.8360,0.1664
263538,2238,-121.0720,0.1655
263818,2239,-595.2150,0.1646
264076,2240,-193.5850,0.1638
264392,2241,-452.5830,0.1628
264587,2242,-745.7340,0.1621
264868,2243,177.4760,0.1613
265144,2244,-471.3760,0.1604
265390,2245,257.9660,0.1596
265637,2246,-903.1260,0.1588
265914,2247,-452.8390,0.1579
266214,2248,-1024.0590,0.1570
266455,2249,-592.5590,0.1562
266731,2250,215.7390,0.1554
267038,2251,-556.0440,0.1544
267271,2252,-238.8550,0.1536
267533,2253,-463.2330,0.1528
267829,2254,161.8880,0.1519
268122,2255,-961.9620,0.1510
268368,2256,385.4700,0.1502
268645,2257,-421.2610,0.1493
268980,2258,-293.4510,0.1482
269280,2259,-859.0570,0.1473
269550,2260,-515.3500,0.1464
269878,2261,-218.4900,0.1454
270213,2262,-206.5750,0.1443
270522,2263,-386.9450,0.1434
270840,2264,-216.1930,0.1423
271107,2265,-14.7590,0.1415
271358,2266,262.1900,0.1407
271613,2267,187.3730,0.1399
271940,2268,-293.9930,0.1389
272205,2269,136.4170,0.1380
272520,2270,26.1720,0.1370
272824,2271,-761.4540,0.1361
273119,2272,-217.9740,0.1351
273457,2273,105.8850,0.1341
273785,2274,-695.5230,0.1330
274043,2275,1025.7900,0.1322
274306,2276,-44.3690,0.1314
274658,2277,-109.2610,0.1303
274997,2278,95.2790,0.1292
275295,2279,-128.2920,0.1282
275630,2280,-163.8350,0.1272
275927,2281,446.7630,0.1262
276204,2282,-185.9190,0.1254
276575,2283,-553.9950,0.1242
276894,2284,11.8580,0.1232
277201,2285,-500.2790,0.1222
277464,2286,855.3820,0.1214
277766,2287,88.3020,0.1204
278137,2288,-526.8120,0.1192
278502,2289,-326.4530,0.1181
278842,2290,49.6220,0.1170
279175,2291,87.1150,0.1159
279455,2292,46.7840,0.1151
279805,2293,-91.1920,0.1140
280096,2294,241.4150,0.1130
280399,2295,-475.5950,0.1121
280714,2296,-274.1520,0.1111
281016,2297,-464.2610,0.1101
281299,2298,-1098.0460,0.1092
281607,2299,-778.7700,0.1082
282007,2300,-405.0930,0.1070
282344,2301,-319.4530,0.1059
282624,2302,244.8530,0.1050
282947,2303,-272.8430,0.1040
283255,2304,-466.1130,0.1030
283561,2305,-356.6570,0.1021
283905,2306,-1131.0400,0.1010
284267,2307,-569.5470,0.0998
284573,2308,-44.7420,0.0989
284901,2309,-645.5060,0.0978
285209,2310,132.8220,0.0968
285489,2311,262.0250,0.0960
285778,2312,465.1450,0.0950
286119,2313,-1098.1640,0.0940
286491,2314,-316.4000,0.0928
286934,2315,-650.9570,0.0914
287261,2316,-444.6850,0.0903
287538,2317,-140.7660,0.0895
287844,2318,-22.3720,0.0885
288200,2319,-1044.2350,0.0874
288558,2320,271.9400,0.0862
288933,2321,-549.4770,0.0850
289318,2322,-625.4140,0.0838
289665,2323,-1129.2790,0.0827
290033,2324,-689.5640,0.0816
290397,2325,-670.2850,0.0804
290761,2326,-246.7020,0.0793
291138,2327,-846.2150,0.0781
291413,2328,428.6350,0.0772
291727,2329,-70.7700,0.0762
292062,2330,-56.9040,0.0751
292421,2331,-191.1560,0.0740
292768,2332,-664.7010,0.0729
293083,2333,-893.5600,0.0719
293379,2334,-162.6460,0.0710
293635,2335,207.8400,0.0702
293970,2336,-410.1980,0.0691
294219,2337,636.8690,0.0683
294500,2338,269.1260,0.0674
294714,2339,522.9740,0.0667
294948,2340,395.2780,0.0660
295145,2341,434.4470,0.0654
295432,2342,186.6720,0.0645
295641,2343,1085.8630,0.0638
296014,2344,-662.6400,0.0626
296460,2345,-579.2560,0.0612
296879,2346,-1104.8410,0.0599
297158,2347,198.0750,0.0590
297499,2348,-112.5560,0.0579
